Nombre Estado,Nombre Municipio,POBTOT
AGUASCALIENTES,AGUASCALIENTES,948990
AGUASCALIENTES,ASIENTOS,51536
AGUASCALIENTES,CALVILLO,58250
AGUASCALIENTES,COSIO,17000
AGUASCALIENTES,JESUS MARIA,129929
AGUASCALIENTES,PABELLON DE ARTEAGA,47646
AGUASCALIENTES,RINCON DE ROMOS,57369
AGUASCALIENTES,SAN JOSE DE GRACIA,9552
AGUASCALIENTES,TEPEZALA,22485
AGUASCALIENTES,EL LLANO,20853
AGUASCALIENTES,SAN FRANCISCO DE LOS ROMO,61997
BAJA CALIFORNIA,ENSENADA,443807
BAJA CALIFORNIA,MEXICALI,1049792
BAJA CALIFORNIA,TECATE,108440
BAJA CALIFORNIA,TIJUANA,1922523
BAJA CALIFORNIA,PLAYAS DE ROSARITO,126890
BAJA CALIFORNIA,SAN QUINTIN,117568
BAJA CALIFORNIA SUR,COMONDU,73021
BAJA CALIFORNIA SUR,MULEGE,64022
BAJA CALIFORNIA SUR,LA PAZ,292241
BAJA CALIFORNIA SUR,LOS CABOS,351111
BAJA CALIFORNIA SUR,LORETO,18052
CAMPECHE,CALKINI,59232
CAMPECHE,CAMPECHE,294077
CAMPECHE,CARMEN,248845
CAMPECHE,CHAMPOTON,78170
CAMPECHE,HECELCHAKAN,31917
CAMPECHE,HOPELCHEN,42140
CAMPECHE,PALIZADA,8683
CAMPECHE,TENABO,11452
CAMPECHE,ESCARCEGA,59923
CAMPECHE,CALAKMUL,31714
CAMPECHE,CANDELARIA,46913
CAMPECHE,SEYBAPLAYA,15297
CHIAPAS,ACACOYAGUA,17994
CHIAPAS,ACALA,21187
CHIAPAS,ACAPETAHUA,26899
CHIAPAS,ALTAMIRANO,36160
CHIAPAS,AMATAN,24512
CHIAPAS,AMATENANGO DE LA FRONTERA,31735
CHIAPAS,AMATENANGO DEL VALLE,11283
CHIAPAS,ANGEL ALBINO CORZO,31947
CHIAPAS,ARRIAGA,41135
CHIAPAS,BEJUCAL DE OCAMPO,7365
CHIAPAS,BELLA VISTA,20157
CHIAPAS,BERRIOZABAL,64632
CHIAPAS,BOCHIL,37263
CHIAPAS,EL BOSQUE,24273
CHIAPAS,CACAHOATAN,50112
CHIAPAS,CATAZAJA,17619
CHIAPAS,CINTALAPA,88106
CHIAPAS,COAPILLA,9900
CHIAPAS,COMITAN DE DOMINGUEZ,166178
CHIAPAS,LA CONCORDIA,49920
CHIAPAS,COPAINALA,22192
CHIAPAS,CHALCHIHUITAN,21915
CHIAPAS,CHAMULA,101967
CHIAPAS,CHANAL,13678
CHIAPAS,CHAPULTENANGO,7472
CHIAPAS,CHENALHO,47371
CHIAPAS,CHIAPA DE CORZO,112075
CHIAPAS,CHIAPILLA,6156
CHIAPAS,CHICOASEN,5402
CHIAPAS,CHICOMUSELO,36785
CHIAPAS,CHILON,137262
CHIAPAS,ESCUINTLA,30896
CHIAPAS,FRANCISCO LEON,7245
CHIAPAS,FRONTERA COMALAPA,80897
CHIAPAS,FRONTERA HIDALGO,14556
CHIAPAS,LA GRANDEZA,7701
CHIAPAS,HUEHUETAN,36333
CHIAPAS,HUIXTAN,22975
CHIAPAS,HUITIUPAN,27893
CHIAPAS,HUIXTLA,53242
CHIAPAS,LA INDEPENDENCIA,46409
CHIAPAS,IXHUATAN,11377
CHIAPAS,IXTACOMITAN,10961
CHIAPAS,IXTAPA,28999
CHIAPAS,IXTAPANGAJOYA,6284
CHIAPAS,JIQUIPILAS,41063
CHIAPAS,JITOTOL,24966
CHIAPAS,JUAREZ,21807
CHIAPAS,LARRAINZAR,31259
CHIAPAS,LA LIBERTAD,5232
CHIAPAS,MAPASTEPEC,46130
CHIAPAS,LAS MARGARITAS,141027
CHIAPAS,MAZAPA DE MADERO,7901
CHIAPAS,MAZATAN,28250
CHIAPAS,METAPA,5876
CHIAPAS,MITONTIC,13755
CHIAPAS,MOTOZINTLA,76398
CHIAPAS,NICOLAS RUIZ,4765
CHIAPAS,OCOSINGO,234661
CHIAPAS,OCOTEPEC,14088
CHIAPAS,OCOZOCOAUTLA DE ESPINOSA,97397
CHIAPAS,OSTUACAN,18469
CHIAPAS,OSUMACINTA,3983
CHIAPAS,OXCHUC,54932
CHIAPAS,PALENQUE,132265
CHIAPAS,PANTELHO,26391
CHIAPAS,PANTEPEC,12266
CHIAPAS,PICHUCALCO,31919
CHIAPAS,PIJIJIAPAN,51193
CHIAPAS,EL PORVENIR,12263
CHIAPAS,VILLA COMALTITLAN,30297
CHIAPAS,PUEBLO NUEVO SOLISTAHUACAN,29636
CHIAPAS,RAYON,10866
CHIAPAS,REFORMA,44829
CHIAPAS,LAS ROSAS,28829
CHIAPAS,SABANILLA,29889
CHIAPAS,SALTO DE AGUA,64251
CHIAPAS,SAN CRISTOBAL DE LAS CASAS,215874
CHIAPAS,SAN FERNANDO,41793
CHIAPAS,SILTEPEC,25937
CHIAPAS,SIMOJOVEL,52935
CHIAPAS,SITALA,15518
CHIAPAS,SOCOLTENANGO,19092
CHIAPAS,SOLOSUCHIAPA,8561
CHIAPAS,SOYALO,10890
CHIAPAS,SUCHIAPA,25627
CHIAPAS,SUCHIATE,41672
CHIAPAS,SUNUAPA,2308
CHIAPAS,TAPACHULA,353706
CHIAPAS,TAPALAPA,4547
CHIAPAS,TAPILULA,13592
CHIAPAS,TECPATAN,21426
CHIAPAS,TENEJAPA,48162
CHIAPAS,TEOPISCA,49499
CHIAPAS,TILA,83505
CHIAPAS,TONALA,91913
CHIAPAS,TOTOLAPA,7211
CHIAPAS,LA TRINITARIA,83111
CHIAPAS,TUMBALA,38025
CHIAPAS,TUXTLA GUTIERREZ,604147
CHIAPAS,TUXTLA CHICO,41024
CHIAPAS,TUZANTAN,30302
CHIAPAS,TZIMOL,16560
CHIAPAS,UNION JUAREZ,16008
CHIAPAS,VENUSTIANO CARRANZA,67292
CHIAPAS,VILLA CORZO,65643
CHIAPAS,VILLAFLORES,109536
CHIAPAS,YAJALON,40285
CHIAPAS,SAN LUCAS,7526
CHIAPAS,ZINACANTAN,45373
CHIAPAS,SAN JUAN CANCUC,37948
CHIAPAS,ALDAMA,8480
CHIAPAS,BENEMERITO DE LAS AMERICAS,23603
CHIAPAS,MARAVILLA TENEJAPA,14714
CHIAPAS,MARQUES DE COMILLAS,12892
CHIAPAS,MONTECRISTO DE GUERRERO,8412
CHIAPAS,SAN ANDRES DURAZNAL,6047
CHIAPAS,SANTIAGO EL PINAR,4959
CHIAPAS,CAPITAN LUIS ANGEL VIDAL,4315
CHIAPAS,RINCON CHAMULA SAN PEDRO,8718
CHIAPAS,EL PARRAL,15587
CHIAPAS,EMILIANO ZAPATA,10783
CHIAPAS,MEZCALAPA,23847
CHIAPAS,HONDURAS DE LA SIERRA,11650
CHIHUAHUA,AHUMADA,14635
CHIHUAHUA,ALDAMA,26047
CHIHUAHUA,ALLENDE,8487
CHIHUAHUA,AQUILES SERDAN,24344
CHIHUAHUA,ASCENSION,26093
CHIHUAHUA,BACHINIVA,5807
CHIHUAHUA,BALLEZA,16440
CHIHUAHUA,BATOPILAS DE MANUEL GOMEZ MORIN,11270
CHIHUAHUA,BOCOYNA,23351
CHIHUAHUA,BUENAVENTURA,25146
CHIHUAHUA,CAMARGO,49499
CHIHUAHUA,CARICHI,8113
CHIHUAHUA,CASAS GRANDES,11815
CHIHUAHUA,CORONADO,2034
CHIHUAHUA,COYAME DEL SOTOL,1230
CHIHUAHUA,LA CRUZ,3704
CHIHUAHUA,CUAUHTEMOC,180638
CHIHUAHUA,CUSIHUIRIACHI,5099
CHIHUAHUA,CHIHUAHUA,937674
CHIHUAHUA,CHINIPAS,6222
CHIHUAHUA,DELICIAS,150506
CHIHUAHUA,DR. BELISARIO DOMINGUEZ,2456
CHIHUAHUA,GALEANA,6656
CHIHUAHUA,SANTA ISABEL,3791
CHIHUAHUA,GOMEZ FARIAS,7023
CHIHUAHUA,GRAN MORELOS,2448
CHIHUAHUA,GUACHOCHI,50180
CHIHUAHUA,GUADALUPE,4237
CHIHUAHUA,GUADALUPE Y CALVO,50514
CHIHUAHUA,GUAZAPARES,8196
CHIHUAHUA,GUERRERO,35473
CHIHUAHUA,HIDALGO DEL PARRAL,116662
CHIHUAHUA,HUEJOTITAN,824
CHIHUAHUA,IGNACIO ZARAGOZA,5196
CHIHUAHUA,JANOS,11005
CHIHUAHUA,JIMENEZ,40859
CHIHUAHUA,JUAREZ,1512450
CHIHUAHUA,JULIMES,4980
CHIHUAHUA,LOPEZ,4122
CHIHUAHUA,MADERA,25144
CHIHUAHUA,MAGUARICHI,1302
CHIHUAHUA,MANUEL BENAVIDES,1178
CHIHUAHUA,MATACHI,2742
CHIHUAHUA,MATAMOROS,4314
CHIHUAHUA,MEOQUI,44853
CHIHUAHUA,MORELOS,7266
CHIHUAHUA,MORIS,4447
CHIHUAHUA,NAMIQUIPA,22712
CHIHUAHUA,NONOAVA,2757
CHIHUAHUA,NUEVO CASAS GRANDES,65753
CHIHUAHUA,OCAMPO,8127
CHIHUAHUA,OJINAGA,24534
CHIHUAHUA,PRAXEDIS G. GUERRERO,5111
CHIHUAHUA,RIVA PALACIO,7695
CHIHUAHUA,ROSALES,16776
CHIHUAHUA,ROSARIO,2079
CHIHUAHUA,SAN FRANCISCO DE BORJA,2197
CHIHUAHUA,SAN FRANCISCO DE CONCHOS,2696
CHIHUAHUA,SAN FRANCISCO DEL ORO,5004
CHIHUAHUA,SANTA BARBARA,11582
CHIHUAHUA,SATEVO,3414
CHIHUAHUA,SAUCILLO,29862
CHIHUAHUA,TEMOSACHIC,5320
CHIHUAHUA,EL TULE,1448
CHIHUAHUA,URIQUE,17043
CHIHUAHUA,URUACHI,6512
CHIHUAHUA,VALLE DE ZARAGOZA,4775
CIUDAD DE MEXICO,AZCAPOTZALCO,432205
CIUDAD DE MEXICO,COYOACAN,614447
CIUDAD DE MEXICO,CUAJIMALPA DE MORELOS,217686
CIUDAD DE MEXICO,GUSTAVO A. MADERO,1173351
CIUDAD DE MEXICO,IZTACALCO,404695
CIUDAD DE MEXICO,IZTAPALAPA,1835486
CIUDAD DE MEXICO,LA MAGDALENA CONTRERAS,247622
CIUDAD DE MEXICO,MILPA ALTA,152685
CIUDAD DE MEXICO,ALVARO OBREGON,759137
CIUDAD DE MEXICO,TLAHUAC,392313
CIUDAD DE MEXICO,TLALPAN,699928
CIUDAD DE MEXICO,XOCHIMILCO,442178
CIUDAD DE MEXICO,BENITO JUAREZ,434153
CIUDAD DE MEXICO,CUAUHTEMOC,545884
CIUDAD DE MEXICO,MIGUEL HIDALGO,414470
CIUDAD DE MEXICO,VENUSTIANO CARRANZA,443704
COAHUILA DE ZARAGOZA,ABASOLO,1022
COAHUILA DE ZARAGOZA,ACUÑA,163058
COAHUILA DE ZARAGOZA,ALLENDE,23056
COAHUILA DE ZARAGOZA,ARTEAGA,29578
COAHUILA DE ZARAGOZA,CANDELA,1643
COAHUILA DE ZARAGOZA,CASTAÑOS,29128
COAHUILA DE ZARAGOZA,CUATRO CIENEGAS,12715
COAHUILA DE ZARAGOZA,ESCOBEDO,3047
COAHUILA DE ZARAGOZA,FRANCISCO I. MADERO,59035
COAHUILA DE ZARAGOZA,FRONTERA,82409
COAHUILA DE ZARAGOZA,GENERAL CEPEDA,11898
COAHUILA DE ZARAGOZA,GUERRERO,1643
COAHUILA DE ZARAGOZA,HIDALGO,1735
COAHUILA DE ZARAGOZA,JIMENEZ,9502
COAHUILA DE ZARAGOZA,JUAREZ,1584
COAHUILA DE ZARAGOZA,LAMADRID,1764
COAHUILA DE ZARAGOZA,MATAMOROS,118337
COAHUILA DE ZARAGOZA,MONCLOVA,237951
COAHUILA DE ZARAGOZA,MORELOS,7928
COAHUILA DE ZARAGOZA,MUZQUIZ,71627
COAHUILA DE ZARAGOZA,NADADORES,6539
COAHUILA DE ZARAGOZA,NAVA,33129
COAHUILA DE ZARAGOZA,OCAMPO,9642
COAHUILA DE ZARAGOZA,PARRAS,44472
COAHUILA DE ZARAGOZA,PIEDRAS NEGRAS,176327
COAHUILA DE ZARAGOZA,PROGRESO,3239
COAHUILA DE ZARAGOZA,RAMOS ARIZPE,122243
COAHUILA DE ZARAGOZA,SABINAS,64811
COAHUILA DE ZARAGOZA,SACRAMENTO,2471
COAHUILA DE ZARAGOZA,SALTILLO,879958
COAHUILA DE ZARAGOZA,SAN BUENAVENTURA,24759
COAHUILA DE ZARAGOZA,SAN JUAN DE SABINAS,42260
COAHUILA DE ZARAGOZA,SAN PEDRO,101041
COAHUILA DE ZARAGOZA,SIERRA MOJADA,6744
COAHUILA DE ZARAGOZA,TORREON,720848
COAHUILA DE ZARAGOZA,VIESCA,20305
COAHUILA DE ZARAGOZA,VILLA UNION,6188
COAHUILA DE ZARAGOZA,ZARAGOZA,13135
COLIMA,ARMERIA,27626
COLIMA,COLIMA,157048
COLIMA,COMALA,21661
COLIMA,COQUIMATLAN,20837
COLIMA,CUAUHTEMOC,31267
COLIMA,IXTLAHUACAN,5623
COLIMA,MANZANILLO,191031
COLIMA,MINATITLAN,10231
COLIMA,TECOMAN,116305
COLIMA,VILLA DE ALVAREZ,149762
DURANGO,CANATLAN,31454
DURANGO,CANELAS,4321
DURANGO,CONETO DE COMONFORT,4084
DURANGO,CUENCAME,34955
DURANGO,DURANGO,688697
DURANGO,GENERAL SIMON BOLIVAR,10038
DURANGO,GOMEZ PALACIO,372750
DURANGO,GUADALUPE VICTORIA,36695
DURANGO,GUANACEVI,9869
DURANGO,HIDALGO,3843
DURANGO,INDE,4748
DURANGO,LERDO,163313
DURANGO,MAPIMI,26932
DURANGO,MEZQUITAL,48583
DURANGO,NAZAS,12894
DURANGO,NOMBRE DE DIOS,19060
DURANGO,OCAMPO,8003
DURANGO,EL ORO,10384
DURANGO,OTAEZ,4924
DURANGO,PANUCO DE CORONADO,12656
DURANGO,PEÑON BLANCO,11118
DURANGO,POANAS,25623
DURANGO,PUEBLO NUEVO,51269
DURANGO,RODEO,12818
DURANGO,SAN BERNARDO,2837
DURANGO,SAN DIMAS,17333
DURANGO,SAN JUAN DE GUADALUPE,5251
DURANGO,SAN JUAN DEL RIO,12013
DURANGO,SAN LUIS DEL CORDERO,2103
DURANGO,SAN PEDRO DEL GALLO,1633
DURANGO,SANTA CLARA,6727
DURANGO,SANTIAGO PAPASQUIARO,49207
DURANGO,SUCHIL,6917
DURANGO,TAMAZULA,26300
DURANGO,TEPEHUANES,11378
DURANGO,TLAHUALILO,21143
DURANGO,TOPIA,9320
DURANGO,VICENTE GUERRERO,23476
DURANGO,NUEVO IDEAL,27981
GUANAJUATO,ABASOLO,92040
GUANAJUATO,ACAMBARO,108697
GUANAJUATO,SAN MIGUEL DE ALLENDE,174615
GUANAJUATO,APASEO EL ALTO,63392
GUANAJUATO,APASEO EL GRANDE,117883
GUANAJUATO,ATARJEA,5296
GUANAJUATO,CELAYA,521169
GUANAJUATO,MANUEL DOBLADO,41240
GUANAJUATO,COMONFORT,82216
GUANAJUATO,CORONEO,11083
GUANAJUATO,CORTAZAR,97928
GUANAJUATO,CUERAMARO,30857
GUANAJUATO,DOCTOR MORA,27390
GUANAJUATO,DOLORES HIDALGO CUNA DE LA INDEPENDENCIA NACIONAL,163038
GUANAJUATO,GUANAJUATO,194500
GUANAJUATO,HUANIMARO,21128
GUANAJUATO,IRAPUATO,592953
GUANAJUATO,JARAL DEL PROGRESO,38782
GUANAJUATO,JERECUARO,49517
GUANAJUATO,LEON,1721215
GUANAJUATO,MOROLEON,47261
GUANAJUATO,OCAMPO,26383
GUANAJUATO,PENJAMO,154960
GUANAJUATO,PUEBLO NUEVO,12403
GUANAJUATO,PURISIMA DEL RINCON,83842
GUANAJUATO,ROMITA,65766
GUANAJUATO,SALAMANCA,273417
GUANAJUATO,SALVATIERRA,94126
GUANAJUATO,SAN DIEGO DE LA UNION,41054
GUANAJUATO,SAN FELIPE,119793
GUANAJUATO,SAN FRANCISCO DEL RINCON,130871
GUANAJUATO,SAN JOSE ITURBIDE,89558
GUANAJUATO,SAN LUIS DE LA PAZ,128536
GUANAJUATO,SANTA CATARINA,5723
GUANAJUATO,SANTA CRUZ DE JUVENTINO ROSAS,82340
GUANAJUATO,SANTIAGO MARAVATIO,6714
GUANAJUATO,SILAO DE LA VICTORIA,203556
GUANAJUATO,TARANDACUAO,11304
GUANAJUATO,TARIMORO,35905
GUANAJUATO,TIERRA BLANCA,20007
GUANAJUATO,URIANGATO,61494
GUANAJUATO,VALLE DE SANTIAGO,150054
GUANAJUATO,VICTORIA,21253
GUANAJUATO,VILLAGRAN,65791
GUANAJUATO,XICHU,11143
GUANAJUATO,YURIRIA,68741
GUERRERO,ACAPULCO DE JUAREZ,779566
GUERRERO,AHUACUOTZINGO,25205
GUERRERO,AJUCHITLAN DEL PROGRESO,37655
GUERRERO,ALCOZAUCA DE GUERRERO,21225
GUERRERO,ALPOYECA,7813
GUERRERO,APAXTLA,11112
GUERRERO,ARCELIA,33267
GUERRERO,ATENANGO DEL RIO,9147
GUERRERO,ATLAMAJALCINGO DEL MONTE,5811
GUERRERO,ATLIXTAC,28491
GUERRERO,ATOYAC DE ALVAREZ,60680
GUERRERO,AYUTLA DE LOS LIBRES,69123
GUERRERO,AZOYU,15099
GUERRERO,BENITO JUAREZ,15442
GUERRERO,BUENAVISTA DE CUELLAR,12982
GUERRERO,COAHUAYUTLA DE JOSE MARIA IZAZAGA,12408
GUERRERO,COCULA,15579
GUERRERO,COPALA,14463
GUERRERO,COPALILLO,15598
GUERRERO,COPANATOYAC,21648
GUERRERO,COYUCA DE BENITEZ,73056
GUERRERO,COYUCA DE CATALAN,38554
GUERRERO,CUAJINICUILAPA,26627
GUERRERO,CUALAC,7874
GUERRERO,CUAUTEPEC,17024
GUERRERO,CUETZALA DEL PROGRESO,8272
GUERRERO,CUTZAMALA DE PINZON,20537
GUERRERO,CHILAPA DE ALVAREZ,123722
GUERRERO,CHILPANCINGO DE LOS BRAVO,283354
GUERRERO,FLORENCIO VILLARREAL,22250
GUERRERO,GENERAL CANUTO A. NERI,6278
GUERRERO,GENERAL HELIODORO CASTILLO,37254
GUERRERO,HUAMUXTITLAN,17488
GUERRERO,HUITZUCO DE LOS FIGUEROA,36593
GUERRERO,IGUALA DE LA INDEPENDENCIA,154173
GUERRERO,IGUALAPA,11739
GUERRERO,IXCATEOPAN DE CUAUHTEMOC,6138
GUERRERO,ZIHUATANEJO DE AZUETA,126001
GUERRERO,JUAN R. ESCUDERO,26093
GUERRERO,LEONARDO BRAVO,26357
GUERRERO,MALINALTEPEC,29625
GUERRERO,MARTIR DE CUILAPAN,18613
GUERRERO,METLATONOC,18859
GUERRERO,MOCHITLAN,12402
GUERRERO,OLINALA,28446
GUERRERO,OMETEPEC,68207
GUERRERO,PEDRO ASCENCIO ALQUISIRAS,7076
GUERRERO,PETATLAN,44583
GUERRERO,PILCAYA,12753
GUERRERO,PUNGARABATO,38482
GUERRERO,QUECHULTENANGO,36143
GUERRERO,SAN LUIS ACATLAN,46270
GUERRERO,SAN MARCOS,50124
GUERRERO,SAN MIGUEL TOTOLAPAN,24139
GUERRERO,TAXCO DE ALARCON,105586
GUERRERO,TECOANAPA,46063
GUERRERO,TECPAN DE GALEANA,65237
GUERRERO,TELOLOAPAN,53817
GUERRERO,TEPECOACUILCO DE TRUJANO,30806
GUERRERO,TETIPAC,13552
GUERRERO,TIXTLA DE GUERRERO,43171
GUERRERO,TLACOACHISTLAHUACA,22781
GUERRERO,TLACOAPA,10092
GUERRERO,TLALCHAPA,11681
GUERRERO,TLALIXTAQUILLA DE MALDONADO,7602
GUERRERO,TLAPA DE COMONFORT,96125
GUERRERO,TLAPEHUALA,22209
GUERRERO,LA UNION DE ISIDORO MONTES DE OCA,26349
GUERRERO,XALPATLAHUAC,11966
GUERRERO,XOCHIHUEHUETLAN,7862
GUERRERO,XOCHISTLAHUACA,29891
GUERRERO,ZAPOTITLAN TABLAS,12004
GUERRERO,ZIRANDARO,18031
GUERRERO,ZITLALA,21977
GUERRERO,EDUARDO NERI,53126
GUERRERO,ACATEPEC,40197
GUERRERO,MARQUELIA,14280
GUERRERO,COCHOAPA EL GRANDE,21241
GUERRERO,JOSE JOAQUIN DE HERRERA,18381
GUERRERO,JUCHITAN,7559
GUERRERO,ILIATENCO,11679
HIDALGO,ACATLAN,22268
HIDALGO,ACAXOCHITLAN,46065
HIDALGO,ACTOPAN,61002
HIDALGO,AGUA BLANCA DE ITURBIDE,10313
HIDALGO,AJACUBA,18872
HIDALGO,ALFAJAYUCAN,19162
HIDALGO,ALMOLOYA,12546
HIDALGO,APAN,46681
HIDALGO,EL ARENAL,19836
HIDALGO,ATITALAQUIA,31525
HIDALGO,ATLAPEXCO,19812
HIDALGO,ATOTONILCO EL GRANDE,30135
HIDALGO,ATOTONILCO DE TULA,62470
HIDALGO,CALNALI,16150
HIDALGO,CARDONAL,19431
HIDALGO,CUAUTEPEC DE HINOJOSA,60421
HIDALGO,CHAPANTONGO,12967
HIDALGO,CHAPULHUACAN,22903
HIDALGO,CHILCUAUTLA,18909
HIDALGO,ELOXOCHITLAN,2593
HIDALGO,EMILIANO ZAPATA,15175
HIDALGO,EPAZOYUCAN,16285
HIDALGO,FRANCISCO I. MADERO,36248
HIDALGO,HUASCA DE OCAMPO,17607
HIDALGO,HUAUTLA,20673
HIDALGO,HUAZALINGO,12766
HIDALGO,HUEHUETLA,22846
HIDALGO,HUEJUTLA DE REYES,126781
HIDALGO,HUICHAPAN,47425
HIDALGO,IXMIQUILPAN,98654
HIDALGO,JACALA DE LEDEZMA,12290
HIDALGO,JALTOCAN,10523
HIDALGO,JUAREZ HIDALGO,2895
HIDALGO,LOLOTLA,9474
HIDALGO,METEPEC,13078
HIDALGO,SAN AGUSTIN METZQUITITLAN,9449
HIDALGO,METZTITLAN,20962
HIDALGO,MINERAL DEL CHICO,8878
HIDALGO,MINERAL DEL MONTE,14324
HIDALGO,LA MISION,9819
HIDALGO,MIXQUIAHUALA DE JUAREZ,47222
HIDALGO,MOLANGO DE ESCAMILLA,11578
HIDALGO,NICOLAS FLORES,6265
HIDALGO,NOPALA DE VILLAGRAN,16948
HIDALGO,OMITLAN DE JUAREZ,9295
HIDALGO,SAN FELIPE ORIZATLAN,38492
HIDALGO,PACULA,4748
HIDALGO,PACHUCA DE SOTO,314331
HIDALGO,PISAFLORES,18723
HIDALGO,PROGRESO DE OBREGON,23641
HIDALGO,MINERAL DE LA REFORMA,202749
HIDALGO,SAN AGUSTIN TLAXIACA,38891
HIDALGO,SAN BARTOLO TUTOTEPEC,17699
HIDALGO,SAN SALVADOR,36796
HIDALGO,SANTIAGO DE ANAYA,18329
HIDALGO,SANTIAGO TULANTEPEC DE LUGO GUERRERO,39561
HIDALGO,SINGUILUCAN,15142
HIDALGO,TASQUILLO,17441
HIDALGO,TECOZAUTLA,38010
HIDALGO,TENANGO DE DORIA,17503
HIDALGO,TEPEAPULCO,56245
HIDALGO,TEPEHUACAN DE GUERRERO,31235
HIDALGO,TEPEJI DEL RIO DE OCAMPO,90546
HIDALGO,TEPETITLAN,10830
HIDALGO,TETEPANGO,11768
HIDALGO,VILLA DE TEZONTEPEC,13032
HIDALGO,TEZONTEPEC DE ALDAMA,55134
HIDALGO,TIANGUISTENGO,14340
HIDALGO,TIZAYUCA,168302
HIDALGO,TLAHUELILPAN,19067
HIDALGO,TLAHUILTEPA,9086
HIDALGO,TLANALAPA,11113
HIDALGO,TLANCHINOL,37722
HIDALGO,TLAXCOAPAN,28626
HIDALGO,TOLCAYUCA,21362
HIDALGO,TULA DE ALLENDE,115107
HIDALGO,TULANCINGO DE BRAVO,168369
HIDALGO,XOCHIATIPAN,18260
HIDALGO,XOCHICOATLAN,7015
HIDALGO,YAHUALICA,24674
HIDALGO,ZACUALTIPAN DE ANGELES,38155
HIDALGO,ZAPOTLAN DE JUAREZ,21443
HIDALGO,ZEMPOALA,57906
HIDALGO,ZIMAPAN,39927
JALISCO,ACATIC,23175
JALISCO,ACATLAN DE JUAREZ,25250
JALISCO,AHUALULCO DE MERCADO,23630
JALISCO,AMACUECA,5743
JALISCO,AMATITAN,16490
JALISCO,AMECA,60386
JALISCO,SAN JUANITO DE ESCOBEDO,9433
JALISCO,ARANDAS,80609
JALISCO,EL ARENAL,21115
JALISCO,ATEMAJAC DE BRIZUELA,7758
JALISCO,ATENGO,5599
JALISCO,ATENGUILLO,4176
JALISCO,ATOTONILCO EL ALTO,64009
JALISCO,ATOYAC,8689
JALISCO,AUTLAN DE NAVARRO,64931
JALISCO,AYOTLAN,41552
JALISCO,AYUTLA,12880
JALISCO,LA BARCA,67937
JALISCO,BOLAÑOS,7043
JALISCO,CABO CORRIENTES,10940
JALISCO,CASIMIRO CASTILLO,20548
JALISCO,CIHUATLAN,40139
JALISCO,ZAPOTLAN EL GRANDE,115141
JALISCO,COCULA,29267
JALISCO,COLOTLAN,19689
JALISCO,CONCEPCION DE BUENOS AIRES,6334
JALISCO,CUAUTITLAN DE GARCIA BARRAGAN,18370
JALISCO,CUAUTLA,2166
JALISCO,CUQUIO,17820
JALISCO,CHAPALA,55196
JALISCO,CHIMALTITAN,3270
JALISCO,CHIQUILISTLAN,5983
JALISCO,DEGOLLADO,21226
JALISCO,EJUTLA,1981
JALISCO,ENCARNACION DE DIAZ,53039
JALISCO,ETZATLAN,20011
JALISCO,EL GRULLO,25920
JALISCO,GUACHINANGO,4199
JALISCO,GUADALAJARA,1385629
JALISCO,HOSTOTIPAQUILLO,8732
JALISCO,HUEJUCAR,5920
JALISCO,HUEJUQUILLA EL ALTO,10015
JALISCO,LA HUERTA,23258
JALISCO,IXTLAHUACAN DE LOS MEMBRILLOS,67969
JALISCO,IXTLAHUACAN DEL RIO,20465
JALISCO,JALOSTOTITLAN,32678
JALISCO,JAMAY,24894
JALISCO,JESUS MARIA,18982
JALISCO,JILOTLAN DE LOS DOLORES,9425
JALISCO,JOCOTEPEC,47105
JALISCO,JUANACATLAN,30855
JALISCO,JUCHITLAN,5534
JALISCO,LAGOS DE MORENO,172403
JALISCO,EL LIMON,5368
JALISCO,MAGDALENA,21781
JALISCO,SANTA MARIA DEL ORO,1815
JALISCO,LA MANZANILLA DE LA PAZ,4099
JALISCO,MASCOTA,14451
JALISCO,MAZAMITLA,14043
JALISCO,MEXTICACAN,5307
JALISCO,MEZQUITIC,22083
JALISCO,MIXTLAN,3638
JALISCO,OCOTLAN,106050
JALISCO,OJUELOS DE JALISCO,33588
JALISCO,PIHUAMO,11386
JALISCO,PONCITLAN,53659
JALISCO,PUERTO VALLARTA,291839
JALISCO,VILLA PURIFICACION,11303
JALISCO,QUITUPAN,7734
JALISCO,EL SALTO,232852
JALISCO,SAN CRISTOBAL DE LA BARRANCA,2924
JALISCO,SAN DIEGO DE ALEJANDRIA,7609
JALISCO,SAN JUAN DE LOS LAGOS,72230
JALISCO,SAN JULIAN,16792
JALISCO,SAN MARCOS,3791
JALISCO,SAN MARTIN DE BOLAÑOS,3095
JALISCO,SAN MARTIN HIDALGO,28102
JALISCO,SAN MIGUEL EL ALTO,31965
JALISCO,GOMEZ FARIAS,16431
JALISCO,SAN SEBASTIAN DEL OESTE,5086
JALISCO,SANTA MARIA DE LOS ANGELES,3515
JALISCO,SAYULA,37186
JALISCO,TALA,87690
JALISCO,TALPA DE ALLENDE,14997
JALISCO,TAMAZULA DE GORDIANO,38955
JALISCO,TAPALPA,21245
JALISCO,TECALITLAN,16705
JALISCO,TECOLOTLAN,16603
JALISCO,TECHALUTA DE MONTENEGRO,4072
JALISCO,TENAMAXTLAN,7302
JALISCO,TEOCALTICHE,39839
JALISCO,TEOCUITATLAN DE CORONA,11039
JALISCO,TEPATITLAN DE MORELOS,150190
JALISCO,TEQUILA,44353
JALISCO,TEUCHITLAN,9647
JALISCO,TIZAPAN EL ALTO,22758
JALISCO,TLAJOMULCO DE ZUÑIGA,727750
JALISCO,SAN PEDRO TLAQUEPAQUE,687127
JALISCO,TOLIMAN,11219
JALISCO,TOMATLAN,36316
JALISCO,TONALA,569913
JALISCO,TONAYA,5961
JALISCO,TONILA,7565
JALISCO,TOTATICHE,4180
JALISCO,TOTOTLAN,23573
JALISCO,TUXCACUESCO,5482
JALISCO,TUXCUECA,6702
JALISCO,TUXPAN,37518
JALISCO,UNION DE SAN ANTONIO,19069
JALISCO,UNION DE TULA,13799
JALISCO,VALLE DE GUADALUPE,6627
JALISCO,VALLE DE JUAREZ,6151
JALISCO,SAN GABRIEL,16548
JALISCO,VILLA CORONA,19063
JALISCO,VILLA GUERRERO,5525
JALISCO,VILLA HIDALGO,20088
JALISCO,CAÑADAS DE OBREGON,4388
JALISCO,YAHUALICA DE GONZALEZ GALLO,22394
JALISCO,ZACOALCO DE TORRES,30472
JALISCO,ZAPOPAN,1476491
JALISCO,ZAPOTILTIC,33713
JALISCO,ZAPOTITLAN DE VADILLO,7466
JALISCO,ZAPOTLAN DEL REY,19279
JALISCO,ZAPOTLANEJO,64806
JALISCO,SAN IGNACIO CERRO GORDO,18341
MICHOACAN DE OCAMPO,ACUITZIO,11301
MICHOACAN DE OCAMPO,AGUILILLA,14754
MICHOACAN DE OCAMPO,ALVARO OBREGON,23000
MICHOACAN DE OCAMPO,ANGAMACUTIRO,14943
MICHOACAN DE OCAMPO,ANGANGUEO,10892
MICHOACAN DE OCAMPO,APATZINGAN,126191
MICHOACAN DE OCAMPO,APORO,3529
MICHOACAN DE OCAMPO,AQUILA,24676
MICHOACAN DE OCAMPO,ARIO,36268
MICHOACAN DE OCAMPO,ARTEAGA,20332
MICHOACAN DE OCAMPO,BRISEÑAS,11681
MICHOACAN DE OCAMPO,BUENAVISTA,45538
MICHOACAN DE OCAMPO,CARACUARO,9176
MICHOACAN DE OCAMPO,COAHUAYANA,17022
MICHOACAN DE OCAMPO,COALCOMAN DE VAZQUEZ PALLARES,19633
MICHOACAN DE OCAMPO,COENEO,20965
MICHOACAN DE OCAMPO,CONTEPEC,35070
MICHOACAN DE OCAMPO,COPANDARO,9484
MICHOACAN DE OCAMPO,COTIJA,20198
MICHOACAN DE OCAMPO,CUITZEO,29910
MICHOACAN DE OCAMPO,CHARAPAN,13539
MICHOACAN DE OCAMPO,CHARO,25138
MICHOACAN DE OCAMPO,CHAVINDA,10417
MICHOACAN DE OCAMPO,CHERAN,20586
MICHOACAN DE OCAMPO,CHILCHOTA,40560
MICHOACAN DE OCAMPO,CHINICUILA,4773
MICHOACAN DE OCAMPO,CHUCANDIRO,4944
MICHOACAN DE OCAMPO,CHURINTZIO,5233
MICHOACAN DE OCAMPO,CHURUMUCO,12342
MICHOACAN DE OCAMPO,ECUANDUREO,11850
MICHOACAN DE OCAMPO,EPITACIO HUERTA,16112
MICHOACAN DE OCAMPO,ERONGARICUARO,15715
MICHOACAN DE OCAMPO,GABRIEL ZAMORA,21466
MICHOACAN DE OCAMPO,HIDALGO,125712
MICHOACAN DE OCAMPO,LA HUACANA,30627
MICHOACAN DE OCAMPO,HUANDACAREO,11644
MICHOACAN DE OCAMPO,HUANIQUEO,7945
MICHOACAN DE OCAMPO,HUETAMO,41973
MICHOACAN DE OCAMPO,HUIRAMBA,9015
MICHOACAN DE OCAMPO,INDAPARAPEO,18385
MICHOACAN DE OCAMPO,IRIMBO,16043
MICHOACAN DE OCAMPO,IXTLAN,14302
MICHOACAN DE OCAMPO,JACONA,68781
MICHOACAN DE OCAMPO,JIMENEZ,12946
MICHOACAN DE OCAMPO,JIQUILPAN,36158
MICHOACAN DE OCAMPO,JUAREZ,14936
MICHOACAN DE OCAMPO,JUNGAPEO,19834
MICHOACAN DE OCAMPO,LAGUNILLAS,5745
MICHOACAN DE OCAMPO,MADERO,19086
MICHOACAN DE OCAMPO,MARAVATIO,89311
MICHOACAN DE OCAMPO,MARCOS CASTELLANOS,13983
MICHOACAN DE OCAMPO,LAZARO CARDENAS,196003
MICHOACAN DE OCAMPO,MORELIA,849053
MICHOACAN DE OCAMPO,MORELOS,7983
MICHOACAN DE OCAMPO,MUGICA,45732
MICHOACAN DE OCAMPO,NAHUATZEN,32598
MICHOACAN DE OCAMPO,NOCUPETARO,8196
MICHOACAN DE OCAMPO,NUEVO PARANGARICUTIRO,20981
MICHOACAN DE OCAMPO,NUEVO URECHO,9027
MICHOACAN DE OCAMPO,NUMARAN,9437
MICHOACAN DE OCAMPO,OCAMPO,24774
MICHOACAN DE OCAMPO,PAJACUARAN,21028
MICHOACAN DE OCAMPO,PANINDICUARO,14889
MICHOACAN DE OCAMPO,PARACUARO,26832
MICHOACAN DE OCAMPO,PARACHO,39657
MICHOACAN DE OCAMPO,PATZCUARO,98382
MICHOACAN DE OCAMPO,PENJAMILLO,16621
MICHOACAN DE OCAMPO,PERIBAN,29389
MICHOACAN DE OCAMPO,LA PIEDAD,106490
MICHOACAN DE OCAMPO,PUREPERO,15503
MICHOACAN DE OCAMPO,PURUANDIRO,69260
MICHOACAN DE OCAMPO,QUERENDARO,13961
MICHOACAN DE OCAMPO,QUIROGA,27176
MICHOACAN DE OCAMPO,COJUMATLAN DE REGULES,10553
MICHOACAN DE OCAMPO,LOS REYES,78935
MICHOACAN DE OCAMPO,SAHUAYO,78477
MICHOACAN DE OCAMPO,SAN LUCAS,17677
MICHOACAN DE OCAMPO,SANTA ANA MAYA,12812
MICHOACAN DE OCAMPO,SALVADOR ESCALANTE,49896
MICHOACAN DE OCAMPO,SENGUIO,19833
MICHOACAN DE OCAMPO,SUSUPUATO,9076
MICHOACAN DE OCAMPO,TACAMBARO,79540
MICHOACAN DE OCAMPO,TANCITARO,33453
MICHOACAN DE OCAMPO,TANGAMANDAPIO,31716
MICHOACAN DE OCAMPO,TANGANCICUARO,35256
MICHOACAN DE OCAMPO,TANHUATO,15534
MICHOACAN DE OCAMPO,TARETAN,15589
MICHOACAN DE OCAMPO,TARIMBARO,114513
MICHOACAN DE OCAMPO,TEPALCATEPEC,24074
MICHOACAN DE OCAMPO,TINGAMBATO,16325
MICHOACAN DE OCAMPO,TINGÜINDIN,14934
MICHOACAN DE OCAMPO,TIQUICHEO DE NICOLAS ROMERO,12836
MICHOACAN DE OCAMPO,TLALPUJAHUA,28556
MICHOACAN DE OCAMPO,TLAZAZALCA,6420
MICHOACAN DE OCAMPO,TOCUMBO,12325
MICHOACAN DE OCAMPO,TUMBISCATIO,5971
MICHOACAN DE OCAMPO,TURICATO,29056
MICHOACAN DE OCAMPO,TUXPAN,25757
MICHOACAN DE OCAMPO,TUZANTLA,14329
MICHOACAN DE OCAMPO,TZINTZUNTZAN,14911
MICHOACAN DE OCAMPO,TZITZIO,8855
MICHOACAN DE OCAMPO,URUAPAN,356786
MICHOACAN DE OCAMPO,VENUSTIANO CARRANZA,23469
MICHOACAN DE OCAMPO,VILLAMAR,15864
MICHOACAN DE OCAMPO,VISTA HERMOSA,20982
MICHOACAN DE OCAMPO,YURECUARO,32303
MICHOACAN DE OCAMPO,ZACAPU,76829
MICHOACAN DE OCAMPO,ZAMORA,204860
MICHOACAN DE OCAMPO,ZINAPARO,3232
MICHOACAN DE OCAMPO,ZINAPECUARO,49005
MICHOACAN DE OCAMPO,ZIRACUARETIRO,18402
MICHOACAN DE OCAMPO,ZITACUARO,157056
MICHOACAN DE OCAMPO,JOSE SIXTO VERDUZCO,26213
MORELOS,AMACUZAC,17598
MORELOS,ATLATLAHUCAN,25232
MORELOS,AXOCHIAPAN,39174
MORELOS,AYALA,89834
MORELOS,COATLAN DEL RIO,10520
MORELOS,CUAUTLA,187118
MORELOS,CUERNAVACA,378476
MORELOS,EMILIANO ZAPATA,107053
MORELOS,HUITZILAC,24515
MORELOS,JANTETELCO,18402
MORELOS,JIUTEPEC,215357
MORELOS,JOJUTLA,57682
MORELOS,JONACATEPEC DE LEANDRO VALLE,16694
MORELOS,MAZATEPEC,9653
MORELOS,MIACATLAN,15802
MORELOS,OCUITUCO,19219
MORELOS,PUENTE DE IXTLA,40018
MORELOS,TEMIXCO,122263
MORELOS,TEPALCINGO,28122
MORELOS,TEPOZTLAN,54987
MORELOS,TETECALA,7617
MORELOS,TETELA DEL VOLCAN,14853
MORELOS,TLALNEPANTLA,7943
MORELOS,TLALTIZAPAN DE ZAPATA,52399
MORELOS,TLAQUILTENANGO,33789
MORELOS,TLAYACAPAN,19408
MORELOS,TOTOLAPAN,12750
MORELOS,XOCHITEPEC,73539
MORELOS,YAUTEPEC,105780
MORELOS,YECAPIXTLA,56083
MORELOS,ZACATEPEC,36094
MORELOS,ZACUALPAN DE AMILPAS,9965
MORELOS,TEMOAC,16574
MORELOS,COATETELCO,11347
MORELOS,XOXOCOTLA,27805
MORELOS,HUEYAPAN,7855
MEXICO,ACAMBAY DE RUIZ CASTAÑEDA,67872
MEXICO,ACOLMAN,171507
MEXICO,ACULCO,49266
MEXICO,ALMOLOYA DE ALQUISIRAS,15333
MEXICO,ALMOLOYA DE JUAREZ,174587
MEXICO,ALMOLOYA DEL RIO,12694
MEXICO,AMANALCO,23675
MEXICO,AMATEPEC,25244
MEXICO,AMECAMECA,53441
MEXICO,APAXCO,31898
MEXICO,ATENCO,75489
MEXICO,ATIZAPAN,12984
MEXICO,ATIZAPAN DE ZARAGOZA,523674
MEXICO,ATLACOMULCO,109384
MEXICO,ATLAUTLA,31900
MEXICO,AXAPUSCO,29128
MEXICO,AYAPANGO,10053
MEXICO,CALIMAYA,68489
MEXICO,CAPULHUAC,36921
MEXICO,COACALCO DE BERRIOZABAL,293444
MEXICO,COATEPEC HARINAS,38643
MEXICO,COCOTITLAN,15107
MEXICO,COYOTEPEC,40885
MEXICO,CUAUTITLAN,178847
MEXICO,CHALCO,400057
MEXICO,CHAPA DE MOTA,31737
MEXICO,CHAPULTEPEC,12772
MEXICO,CHIAUTLA,30045
MEXICO,CHICOLOAPAN,200750
MEXICO,CHICONCUAC,27692
MEXICO,CHIMALHUACAN,705193
MEXICO,DONATO GUERRA,37436
MEXICO,ECATEPEC DE MORELOS,1645352
MEXICO,ECATZINGO,10827
MEXICO,HUEHUETOCA,163244
MEXICO,HUEYPOXTLA,46757
MEXICO,HUIXQUILUCAN,284965
MEXICO,ISIDRO FABELA,11929
MEXICO,IXTAPALUCA,542211
MEXICO,IXTAPAN DE LA SAL,36911
MEXICO,IXTAPAN DEL ORO,6475
MEXICO,IXTLAHUACA,160139
MEXICO,XALATLACO,30687
MEXICO,JALTENCO,28217
MEXICO,JILOTEPEC,87671
MEXICO,JILOTZINGO,19877
MEXICO,JIQUIPILCO,76826
MEXICO,JOCOTITLAN,69264
MEXICO,JOQUICINGO,15428
MEXICO,JUCHITEPEC,27116
MEXICO,LERMA,170327
MEXICO,MALINALCO,28155
MEXICO,MELCHOR OCAMPO,61220
MEXICO,METEPEC,242307
MEXICO,MEXICALTZINGO,13807
MEXICO,MORELOS,33164
MEXICO,NAUCALPAN DE JUAREZ,834434
MEXICO,NEZAHUALCOYOTL,1077208
MEXICO,NEXTLALPAN,57082
MEXICO,NICOLAS ROMERO,430601
MEXICO,NOPALTEPEC,10351
MEXICO,OCOYOACAC,72103
MEXICO,OCUILAN,36223
MEXICO,EL ORO,36937
MEXICO,OTUMBA,36331
MEXICO,OTZOLOAPAN,4891
MEXICO,OTZOLOTEPEC,88783
MEXICO,OZUMBA,30785
MEXICO,PAPALOTLA,4862
MEXICO,LA PAZ,304088
MEXICO,POLOTITLAN,14985
MEXICO,RAYON,15972
MEXICO,SAN ANTONIO LA ISLA,31962
MEXICO,SAN FELIPE DEL PROGRESO,144924
MEXICO,SAN MARTIN DE LAS PIRAMIDES,29182
MEXICO,SAN MATEO ATENCO,97418
MEXICO,SAN SIMON DE GUERRERO,6692
MEXICO,SANTO TOMAS,9729
MEXICO,SOYANIQUILPAN DE JUAREZ,14323
MEXICO,SULTEPEC,24145
MEXICO,TECAMAC,547503
MEXICO,TEJUPILCO,79282
MEXICO,TEMAMATLA,14130
MEXICO,TEMASCALAPA,43593
MEXICO,TEMASCALCINGO,66414
MEXICO,TEMASCALTEPEC,35014
MEXICO,TEMOAYA,105766
MEXICO,TENANCINGO,104677
MEXICO,TENANGO DEL AIRE,11359
MEXICO,TENANGO DEL VALLE,90518
MEXICO,TEOLOYUCAN,65459
MEXICO,TEOTIHUACAN,58507
MEXICO,TEPETLAOXTOC,32564
MEXICO,TEPETLIXPA,20500
MEXICO,TEPOTZOTLAN,103696
MEXICO,TEQUIXQUIAC,39489
MEXICO,TEXCALTITLAN,18482
MEXICO,TEXCALYACAC,5736
MEXICO,TEXCOCO,277562
MEXICO,TEZOYUCA,47044
MEXICO,TIANGUISTENCO,84259
MEXICO,TIMILPAN,16414
MEXICO,TLALMANALCO,49196
MEXICO,TLALNEPANTLA DE BAZ,672202
MEXICO,TLATLAYA,31762
MEXICO,TOLUCA,910608
MEXICO,TONATICO,12912
MEXICO,TULTEPEC,157645
MEXICO,TULTITLAN,516341
MEXICO,VALLE DE BRAVO,61590
MEXICO,VILLA DE ALLENDE,53275
MEXICO,VILLA DEL CARBON,51498
MEXICO,VILLA GUERRERO,69086
MEXICO,VILLA VICTORIA,108196
MEXICO,XONACATLAN,54633
MEXICO,ZACAZONAPAN,5109
MEXICO,ZACUALPAN,13522
MEXICO,ZINACANTEPEC,203872
MEXICO,ZUMPAHUACAN,18833
MEXICO,ZUMPANGO,280455
MEXICO,CUAUTITLAN IZCALLI,555163
MEXICO,VALLE DE CHALCO SOLIDARIDAD,391731
MEXICO,LUVIANOS,28822
MEXICO,SAN JOSE DEL RINCON,100082
MEXICO,TONANITLA,14883
NAYARIT,ACAPONETA,37232
NAYARIT,AHUACATLAN,15393
NAYARIT,AMATLAN DE CAÑAS,11536
NAYARIT,COMPOSTELA,77436
NAYARIT,HUAJICORI,12230
NAYARIT,IXTLAN DEL RIO,29299
NAYARIT,JALA,19321
NAYARIT,XALISCO,65229
NAYARIT,DEL NAYAR,47550
NAYARIT,ROSAMORADA,33567
NAYARIT,RUIZ,24096
NAYARIT,SAN BLAS,41518
NAYARIT,SAN PEDRO LAGUNILLAS,7683
NAYARIT,SANTA MARIA DEL ORO,24911
NAYARIT,SANTIAGO IXCUINTLA,93981
NAYARIT,TECUALA,37135
NAYARIT,TEPIC,425924
NAYARIT,TUXPAN,30064
NAYARIT,LA YESCA,13719
NAYARIT,BAHIA DE BANDERAS,187632
NUEVO LEON,ABASOLO,2974
NUEVO LEON,AGUALEGUAS,3382
NUEVO LEON,LOS ALDAMAS,1407
NUEVO LEON,ALLENDE,35289
NUEVO LEON,ANAHUAC,18030
NUEVO LEON,APODACA,656464
NUEVO LEON,ARAMBERRI,14992
NUEVO LEON,BUSTAMANTE,3661
NUEVO LEON,CADEREYTA JIMENEZ,122337
NUEVO LEON,EL CARMEN,104478
NUEVO LEON,CERRALVO,7340
NUEVO LEON,CIENEGA DE FLORES,68747
NUEVO LEON,CHINA,9930
NUEVO LEON,DOCTOR ARROYO,36088
NUEVO LEON,DOCTOR COSS,1360
NUEVO LEON,DOCTOR GONZALEZ,3256
NUEVO LEON,GALEANA,40903
NUEVO LEON,GARCIA,397205
NUEVO LEON,SAN PEDRO GARZA GARCIA,132169
NUEVO LEON,GENERAL BRAVO,5506
NUEVO LEON,GENERAL ESCOBEDO,481213
NUEVO LEON,GENERAL TERAN,14109
NUEVO LEON,GENERAL TREVIÑO,1808
NUEVO LEON,GENERAL ZARAGOZA,6282
NUEVO LEON,GENERAL ZUAZUA,102149
NUEVO LEON,GUADALUPE,643143
NUEVO LEON,LOS HERRERAS,1959
NUEVO LEON,HIGUERAS,1386
NUEVO LEON,HUALAHUISES,7026
NUEVO LEON,ITURBIDE,3298
NUEVO LEON,JUAREZ,471523
NUEVO LEON,LAMPAZOS DE NARANJO,5351
NUEVO LEON,LINARES,84666
NUEVO LEON,MARIN,5119
NUEVO LEON,MELCHOR OCAMPO,1483
NUEVO LEON,MIER Y NORIEGA,7652
NUEVO LEON,MINA,6048
NUEVO LEON,MONTEMORELOS,67428
NUEVO LEON,MONTERREY,1142994
NUEVO LEON,PARAS,906
NUEVO LEON,PESQUERIA,147624
NUEVO LEON,LOS RAMONES,5389
NUEVO LEON,RAYONES,2377
NUEVO LEON,SABINAS HIDALGO,34709
NUEVO LEON,SALINAS VICTORIA,86766
NUEVO LEON,SAN NICOLAS DE LOS GARZA,412199
NUEVO LEON,HIDALGO,16086
NUEVO LEON,SANTA CATARINA,306322
NUEVO LEON,SANTIAGO,46784
NUEVO LEON,VALLECILLO,1552
NUEVO LEON,VILLALDAMA,3573
OAXACA,ABEJONES,841
OAXACA,ACATLAN DE PEREZ FIGUEROA,45167
OAXACA,ASUNCION CACALOTEPEC,2547
OAXACA,ASUNCION CUYOTEPEJI,1107
OAXACA,ASUNCION IXTALTEPEC,15261
OAXACA,ASUNCION NOCHIXTLAN,20464
OAXACA,ASUNCION OCOTLAN,2395
OAXACA,ASUNCION TLACOLULITA,734
OAXACA,AYOTZINTEPEC,6857
OAXACA,EL BARRIO DE LA SOLEDAD,13474
OAXACA,CALIHUALA,1402
OAXACA,CANDELARIA LOXICHA,11166
OAXACA,CIENEGA DE ZIMATLAN,3043
OAXACA,CIUDAD IXTEPEC,28082
OAXACA,COATECAS ALTAS,5356
OAXACA,COICOYAN DE LAS FLORES,9563
OAXACA,LA COMPAÑIA,3607
OAXACA,CONCEPCION BUENAVISTA,752
OAXACA,CONCEPCION PAPALO,2754
OAXACA,CONSTANCIA DEL ROSARIO,4847
OAXACA,COSOLAPA,14488
OAXACA,COSOLTEPEC,803
OAXACA,CUILAPAM DE GUERRERO,26882
OAXACA,CUYAMECALCO VILLA DE ZARAGOZA,3644
OAXACA,CHAHUITES,11356
OAXACA,CHALCATONGO DE HIDALGO,9035
OAXACA,CHIQUIHUITLAN DE BENITO JUAREZ,2179
OAXACA,HEROICA CIUDAD DE EJUTLA DE CRESPO,23148
OAXACA,ELOXOCHITLAN DE FLORES MAGON,4215
OAXACA,EL ESPINAL,8730
OAXACA,TAMAZULAPAM DEL ESPIRITU SANTO,7185
OAXACA,FRESNILLO DE TRUJANO,1077
OAXACA,GUADALUPE ETLA,2929
OAXACA,GUADALUPE DE RAMIREZ,1288
OAXACA,GUELATAO DE JUAREZ,657
OAXACA,GUEVEA DE HUMBOLDT,5256
OAXACA,MESONES HIDALGO,4424
OAXACA,VILLA HIDALGO,1885
OAXACA,HEROICA CIUDAD DE HUAJUAPAN DE LEON,78313
OAXACA,HUAUTEPEC,6385
OAXACA,HUAUTLA DE JIMENEZ,31710
OAXACA,IXTLAN DE JUAREZ,8385
OAXACA,JUCHITAN DE ZARAGOZA,113570
OAXACA,LOMA BONITA,40934
OAXACA,MAGDALENA APASCO,7888
OAXACA,MAGDALENA JALTEPEC,2943
OAXACA,SANTA MAGDALENA JICOTLAN,81
OAXACA,MAGDALENA MIXTEPEC,1433
OAXACA,MAGDALENA OCOTLAN,1184
OAXACA,MAGDALENA PEÑASCO,3750
OAXACA,MAGDALENA TEITIPAC,4764
OAXACA,MAGDALENA TEQUISISTLAN,5996
OAXACA,MAGDALENA TLACOTEPEC,1297
OAXACA,MAGDALENA ZAHUATLAN,404
OAXACA,MARISCALA DE JUAREZ,3739
OAXACA,MARTIRES DE TACUBAYA,1446
OAXACA,MATIAS ROMERO AVENDAÑO,38183
OAXACA,MAZATLAN VILLA DE FLORES,12722
OAXACA,MIAHUATLAN DE PORFIRIO DIAZ,50375
OAXACA,MIXISTLAN DE LA REFORMA,2487
OAXACA,MONJAS,2893
OAXACA,NATIVIDAD,498
OAXACA,NAZARENO ETLA,4293
OAXACA,NEJAPA DE MADERO,8494
OAXACA,IXPANTEPEC NIEVES,1079
OAXACA,SANTIAGO NILTEPEC,5342
OAXACA,OAXACA DE JUAREZ,270955
OAXACA,OCOTLAN DE MORELOS,23751
OAXACA,LA PE,3052
OAXACA,PINOTEPA DE DON LUIS,6416
OAXACA,PLUMA HIDALGO,3255
OAXACA,SAN JOSE DEL PROGRESO,8059
OAXACA,PUTLA VILLA DE GUERRERO,34652
OAXACA,SANTA CATARINA QUIOQUITANI,456
OAXACA,REFORMA DE PINEDA,2660
OAXACA,LA REFORMA,3411
OAXACA,REYES ETLA,4370
OAXACA,ROJAS DE CUAUHTEMOC,1301
OAXACA,SALINA CRUZ,84438
OAXACA,SAN AGUSTIN AMATENGO,1593
OAXACA,SAN AGUSTIN ATENANGO,1871
OAXACA,SAN AGUSTIN CHAYUCO,4163
OAXACA,SAN AGUSTIN DE LAS JUNTAS,11391
OAXACA,SAN AGUSTIN ETLA,4168
OAXACA,SAN AGUSTIN LOXICHA,26194
OAXACA,SAN AGUSTIN TLACOTEPEC,1032
OAXACA,SAN AGUSTIN YATARENI,5521
OAXACA,SAN ANDRES CABECERA NUEVA,2881
OAXACA,SAN ANDRES DINICUITI,2308
OAXACA,SAN ANDRES HUAXPALTEPEC,6234
OAXACA,SAN ANDRES HUAYAPAM,6279
OAXACA,SAN ANDRES IXTLAHUACA,1776
OAXACA,SAN ANDRES LAGUNAS,518
OAXACA,SAN ANDRES NUXIÑO,1850
OAXACA,SAN ANDRES PAXTLAN,4562
OAXACA,SAN ANDRES SINAXTLA,756
OAXACA,SAN ANDRES SOLAGA,1771
OAXACA,SAN ANDRES TEOTILALPAM,4233
OAXACA,SAN ANDRES TEPETLAPA,381
OAXACA,SAN ANDRES YAA,393
OAXACA,SAN ANDRES ZABACHE,748
OAXACA,SAN ANDRES ZAUTLA,5326
OAXACA,SAN ANTONINO CASTILLO VELASCO,6064
OAXACA,SAN ANTONINO EL ALTO,2705
OAXACA,SAN ANTONINO MONTE VERDE,7678
OAXACA,SAN ANTONIO ACUTLA,249
OAXACA,SAN ANTONIO DE LA CAL,26282
OAXACA,SAN ANTONIO HUITEPEC,2936
OAXACA,SAN ANTONIO NANAHUATIPAM,1232
OAXACA,SAN ANTONIO SINICAHUA,1668
OAXACA,SAN ANTONIO TEPETLAPA,4873
OAXACA,SAN BALTAZAR CHICHICAPAM,2576
OAXACA,SAN BALTAZAR LOXICHA,3169
OAXACA,SAN BALTAZAR YATZACHI EL BAJO,674
OAXACA,SAN BARTOLO COYOTEPEC,10391
OAXACA,SAN BARTOLOME AYAUTLA,4131
OAXACA,SAN BARTOLOME LOXICHA,2213
OAXACA,SAN BARTOLOME QUIALANA,2389
OAXACA,SAN BARTOLOME YUCUAÑE,735
OAXACA,SAN BARTOLOME ZOOGOCHO,449
OAXACA,SAN BARTOLO SOYALTEPEC,596
OAXACA,SAN BARTOLO YAUTEPEC,653
OAXACA,SAN BERNARDO MIXTEPEC,2829
OAXACA,SAN BLAS ATEMPA,19696
OAXACA,SAN CARLOS YAUTEPEC,11662
OAXACA,SAN CRISTOBAL AMATLAN,5396
OAXACA,SAN CRISTOBAL AMOLTEPEC,1252
OAXACA,SAN CRISTOBAL LACHIRIOAG,1342
OAXACA,SAN CRISTOBAL SUCHIXTLAHUACA,356
OAXACA,SAN DIONISIO DEL MAR,5180
OAXACA,SAN DIONISIO OCOTEPEC,11411
OAXACA,SAN DIONISIO OCOTLAN,1380
OAXACA,SAN ESTEBAN ATATLAHUCA,3934
OAXACA,SAN FELIPE JALAPA DE DIAZ,28500
OAXACA,SAN FELIPE TEJALAPAM,8231
OAXACA,SAN FELIPE USILA,12191
OAXACA,SAN FRANCISCO CAHUACUA,3450
OAXACA,SAN FRANCISCO CAJONOS,451
OAXACA,SAN FRANCISCO CHAPULAPA,2195
OAXACA,SAN FRANCISCO CHINDUA,812
OAXACA,SAN FRANCISCO DEL MAR,8710
OAXACA,SAN FRANCISCO HUEHUETLAN,842
OAXACA,SAN FRANCISCO IXHUATAN,9461
OAXACA,SAN FRANCISCO JALTEPETONGO,1075
OAXACA,SAN FRANCISCO LACHIGOLO,5215
OAXACA,SAN FRANCISCO LOGUECHE,2803
OAXACA,SAN FRANCISCO NUXAÑO,376
OAXACA,SAN FRANCISCO OZOLOTEPEC,2182
OAXACA,SAN FRANCISCO SOLA,2019
OAXACA,SAN FRANCISCO TELIXTLAHUACA,13856
OAXACA,SAN FRANCISCO TEOPAN,312
OAXACA,SAN FRANCISCO TLAPANCINGO,2472
OAXACA,SAN GABRIEL MIXTEPEC,4910
OAXACA,SAN ILDEFONSO AMATLAN,2329
OAXACA,SAN ILDEFONSO SOLA,1060
OAXACA,SAN ILDEFONSO VILLA ALTA,3677
OAXACA,SAN JACINTO AMILPAS,16827
OAXACA,SAN JACINTO TLACOTEPEC,2233
OAXACA,SAN JERONIMO COATLAN,5537
OAXACA,SAN JERONIMO SILACAYOAPILLA,1429
OAXACA,SAN JERONIMO SOSOLA,2730
OAXACA,SAN JERONIMO TAVICHE,2046
OAXACA,SAN JERONIMO TECOATL,1577
OAXACA,SAN JORGE NUCHITA,2881
OAXACA,SAN JOSE AYUQUILA,1629
OAXACA,SAN JOSE CHILTEPEC,11310
OAXACA,SAN JOSE DEL PEÑASCO,2149
OAXACA,SAN JOSE ESTANCIA GRANDE,938
OAXACA,SAN JOSE INDEPENDENCIA,4251
OAXACA,SAN JOSE LACHIGUIRI,3700
OAXACA,SAN JOSE TENANGO,18102
OAXACA,SAN JUAN ACHIUTLA,408
OAXACA,SAN JUAN ATEPEC,1457
OAXACA,ANIMAS TRUJANO,4564
OAXACA,SAN JUAN BAUTISTA ATATLAHUCA,1424
OAXACA,SAN JUAN BAUTISTA COIXTLAHUACA,2725
OAXACA,SAN JUAN BAUTISTA CUICATLAN,10365
OAXACA,SAN JUAN BAUTISTA GUELACHE,6692
OAXACA,SAN JUAN BAUTISTA JAYACATLAN,1447
OAXACA,SAN JUAN BAUTISTA LO DE SOTO,2344
OAXACA,SAN JUAN BAUTISTA SUCHITEPEC,453
OAXACA,SAN JUAN BAUTISTA TLACOATZINTEPEC,2181
OAXACA,SAN JUAN BAUTISTA TLACHICHILCO,1475
OAXACA,SAN JUAN BAUTISTA TUXTEPEC,159452
OAXACA,SAN JUAN CACAHUATEPEC,8939
OAXACA,SAN JUAN CIENEGUILLA,524
OAXACA,SAN JUAN COATZOSPAM,1808
OAXACA,SAN JUAN COLORADO,9609
OAXACA,SAN JUAN COMALTEPEC,3116
OAXACA,SAN JUAN COTZOCON,22444
OAXACA,SAN JUAN CHICOMEZUCHIL,296
OAXACA,SAN JUAN CHILATECA,1522
OAXACA,SAN JUAN DEL ESTADO,2807
OAXACA,SAN JUAN DEL RIO,1372
OAXACA,SAN JUAN DIUXI,1056
OAXACA,SAN JUAN EVANGELISTA ANALCO,407
OAXACA,SAN JUAN GUELAVIA,3288
OAXACA,SAN JUAN GUICHICOVI,29802
OAXACA,SAN JUAN IHUALTEPEC,494
OAXACA,SAN JUAN JUQUILA MIXES,3703
OAXACA,SAN JUAN JUQUILA VIJANOS,1880
OAXACA,SAN JUAN LACHAO,4577
OAXACA,SAN JUAN LACHIGALLA,3538
OAXACA,SAN JUAN LAJARCIA,634
OAXACA,SAN JUAN LALANA,16989
OAXACA,SAN JUAN DE LOS CUES,2421
OAXACA,SAN JUAN MAZATLAN,19032
OAXACA,SAN JUAN MIXTEPEC,6941
OAXACA,SAN JUAN MIXTEPEC,607
OAXACA,SAN JUAN ÑUMI,5773
OAXACA,SAN JUAN OZOLOTEPEC,3411
OAXACA,SAN JUAN PETLAPA,3117
OAXACA,SAN JUAN QUIAHIJE,4203
OAXACA,SAN JUAN QUIOTEPEC,2033
OAXACA,SAN JUAN SAYULTEPEC,879
OAXACA,SAN JUAN TABAA,1241
OAXACA,SAN JUAN TAMAZOLA,3325
OAXACA,SAN JUAN TEITA,544
OAXACA,SAN JUAN TEITIPAC,2668
OAXACA,SAN JUAN TEPEUXILA,2692
OAXACA,SAN JUAN TEPOSCOLULA,1494
OAXACA,SAN JUAN YAEE,1426
OAXACA,SAN JUAN YATZONA,440
OAXACA,SAN JUAN YUCUITA,643
OAXACA,SAN LORENZO,5903
OAXACA,SAN LORENZO ALBARRADAS,2971
OAXACA,SAN LORENZO CACAOTEPEC,18339
OAXACA,SAN LORENZO CUAUNECUILTITLA,833
OAXACA,SAN LORENZO TEXMELUCAN,9148
OAXACA,SAN LORENZO VICTORIA,932
OAXACA,SAN LUCAS CAMOTLAN,3187
OAXACA,SAN LUCAS OJITLAN,22185
OAXACA,SAN LUCAS QUIAVINI,1720
OAXACA,SAN LUCAS ZOQUIAPAM,7163
OAXACA,SAN LUIS AMATLAN,3829
OAXACA,SAN MARCIAL OZOLOTEPEC,1372
OAXACA,SAN MARCOS ARTEAGA,1568
OAXACA,SAN MARTIN DE LOS CANSECOS,994
OAXACA,SAN MARTIN HUAMELULPAM,1000
OAXACA,SAN MARTIN ITUNYOSO,2749
OAXACA,SAN MARTIN LACHILA,1034
OAXACA,SAN MARTIN PERAS,12436
OAXACA,SAN MARTIN TILCAJETE,1975
OAXACA,SAN MARTIN TOXPALAN,3934
OAXACA,SAN MARTIN ZACATEPEC,1324
OAXACA,SAN MATEO CAJONOS,611
OAXACA,CAPULALPAM DE MENDEZ,1619
OAXACA,SAN MATEO DEL MAR,15571
OAXACA,SAN MATEO YOLOXOCHITLAN,3831
OAXACA,SAN MATEO ETLATONGO,1239
OAXACA,SAN MATEO NEJAPAM,1217
OAXACA,SAN MATEO PEÑASCO,2384
OAXACA,SAN MATEO PIÑAS,2021
OAXACA,SAN MATEO RIO HONDO,3207
OAXACA,SAN MATEO SINDIHUI,1977
OAXACA,SAN MATEO TLAPILTEPEC,229
OAXACA,SAN MELCHOR BETAZA,1052
OAXACA,SAN MIGUEL ACHIUTLA,698
OAXACA,SAN MIGUEL AHUEHUETITLAN,2142
OAXACA,SAN MIGUEL ALOAPAM,2191
OAXACA,SAN MIGUEL AMATITLAN,6932
OAXACA,SAN MIGUEL AMATLAN,991
OAXACA,SAN MIGUEL COATLAN,3184
OAXACA,SAN MIGUEL CHICAHUA,2169
OAXACA,SAN MIGUEL CHIMALAPA,6711
OAXACA,SAN MIGUEL DEL PUERTO,8551
OAXACA,SAN MIGUEL DEL RIO,245
OAXACA,SAN MIGUEL EJUTLA,1149
OAXACA,SAN MIGUEL EL GRANDE,4313
OAXACA,SAN MIGUEL HUAUTLA,1311
OAXACA,SAN MIGUEL MIXTEPEC,3194
OAXACA,SAN MIGUEL PANIXTLAHUACA,6252
OAXACA,SAN MIGUEL PERAS,3818
OAXACA,SAN MIGUEL PIEDRAS,1328
OAXACA,SAN MIGUEL QUETZALTEPEC,7286
OAXACA,SAN MIGUEL SANTA FLOR,691
OAXACA,VILLA SOLA DE VEGA,12350
OAXACA,SAN MIGUEL SOYALTEPEC,38682
OAXACA,SAN MIGUEL SUCHIXTEPEC,2932
OAXACA,VILLA TALEA DE CASTRO,2011
OAXACA,SAN MIGUEL TECOMATLAN,305
OAXACA,SAN MIGUEL TENANGO,653
OAXACA,SAN MIGUEL TEQUIXTEPEC,1044
OAXACA,SAN MIGUEL TILQUIAPAM,3141
OAXACA,SAN MIGUEL TLACAMAMA,3668
OAXACA,SAN MIGUEL TLACOTEPEC,3100
OAXACA,SAN MIGUEL TULANCINGO,307
OAXACA,SAN MIGUEL YOTAO,585
OAXACA,SAN NICOLAS,1214
OAXACA,SAN NICOLAS HIDALGO,1043
OAXACA,SAN PABLO COATLAN,4308
OAXACA,SAN PABLO CUATRO VENADOS,1510
OAXACA,SAN PABLO ETLA,17116
OAXACA,SAN PABLO HUITZO,7035
OAXACA,SAN PABLO HUIXTEPEC,10020
OAXACA,SAN PABLO MACUILTIANGUIS,955
OAXACA,SAN PABLO TIJALTEPEC,2751
OAXACA,SAN PABLO VILLA DE MITLA,13587
OAXACA,SAN PABLO YAGANIZA,1125
OAXACA,SAN PEDRO AMUZGOS,6632
OAXACA,SAN PEDRO APOSTOL,1594
OAXACA,SAN PEDRO ATOYAC,4559
OAXACA,SAN PEDRO CAJONOS,1081
OAXACA,SAN PEDRO COXCALTEPEC CANTAROS,716
OAXACA,SAN PEDRO COMITANCILLO,4333
OAXACA,SAN PEDRO EL ALTO,4654
OAXACA,SAN PEDRO HUAMELULA,9735
OAXACA,SAN PEDRO HUILOTEPEC,3307
OAXACA,SAN PEDRO IXCATLAN,10368
OAXACA,SAN PEDRO IXTLAHUACA,14552
OAXACA,SAN PEDRO JALTEPETONGO,483
OAXACA,SAN PEDRO JICAYAN,11279
OAXACA,SAN PEDRO JOCOTIPAC,730
OAXACA,SAN PEDRO JUCHATENGO,1755
OAXACA,SAN PEDRO MARTIR,1899
OAXACA,SAN PEDRO MARTIR QUIECHAPA,738
OAXACA,SAN PEDRO MARTIR YUCUXACO,1257
OAXACA,SAN PEDRO MIXTEPEC,49780
OAXACA,SAN PEDRO MIXTEPEC,972
OAXACA,SAN PEDRO MOLINOS,706
OAXACA,SAN PEDRO NOPALA,751
OAXACA,SAN PEDRO OCOPETATILLO,786
OAXACA,SAN PEDRO OCOTEPEC,2404
OAXACA,SAN PEDRO POCHUTLA,48204
OAXACA,SAN PEDRO QUIATONI,11930
OAXACA,SAN PEDRO SOCHIAPAM,5052
OAXACA,SAN PEDRO TAPANATEPEC,15479
OAXACA,SAN PEDRO TAVICHE,1441
OAXACA,SAN PEDRO TEOZACOALCO,1153
OAXACA,SAN PEDRO TEUTILA,4296
OAXACA,SAN PEDRO TIDAA,982
OAXACA,SAN PEDRO TOPILTEPEC,373
OAXACA,SAN PEDRO TOTOLAPAM,3294
OAXACA,VILLA DE TUTUTEPEC,50541
OAXACA,SAN PEDRO YANERI,867
OAXACA,SAN PEDRO YOLOX,1697
OAXACA,SAN PEDRO Y SAN PABLO AYUTLA,5616
OAXACA,VILLA DE ETLA,10361
OAXACA,SAN PEDRO Y SAN PABLO TEPOSCOLULA,4353
OAXACA,SAN PEDRO Y SAN PABLO TEQUIXTEPEC,1747
OAXACA,SAN PEDRO YUCUNAMA,241
OAXACA,SAN RAYMUNDO JALPAN,4105
OAXACA,SAN SEBASTIAN ABASOLO,1999
OAXACA,SAN SEBASTIAN COATLAN,2809
OAXACA,SAN SEBASTIAN IXCAPA,4188
OAXACA,SAN SEBASTIAN NICANANDUTA,1542
OAXACA,SAN SEBASTIAN RIO HONDO,4202
OAXACA,SAN SEBASTIAN TECOMAXTLAHUACA,8192
OAXACA,SAN SEBASTIAN TEITIPAC,2189
OAXACA,SAN SEBASTIAN TUTLA,16878
OAXACA,SAN SIMON ALMOLONGAS,2802
OAXACA,SAN SIMON ZAHUATLAN,4940
OAXACA,SANTA ANA,2406
OAXACA,SANTA ANA ATEIXTLAHUACA,477
OAXACA,SANTA ANA CUAUHTEMOC,681
OAXACA,SANTA ANA DEL VALLE,2179
OAXACA,SANTA ANA TAVELA,848
OAXACA,SANTA ANA TLAPACOYAN,1958
OAXACA,SANTA ANA YARENI,637
OAXACA,SANTA ANA ZEGACHE,3981
OAXACA,SANTA CATALINA QUIERI,825
OAXACA,SANTA CATARINA CUIXTLA,1495
OAXACA,SANTA CATARINA IXTEPEJI,2675
OAXACA,SANTA CATARINA JUQUILA,18654
OAXACA,SANTA CATARINA LACHATAO,1059
OAXACA,SANTA CATARINA LOXICHA,3676
OAXACA,SANTA CATARINA MECHOACAN,4582
OAXACA,SANTA CATARINA MINAS,2067
OAXACA,SANTA CATARINA QUIANE,2193
OAXACA,SANTA CATARINA TAYATA,662
OAXACA,SANTA CATARINA TICUA,986
OAXACA,SANTA CATARINA YOSONOTU,1316
OAXACA,SANTA CATARINA ZAPOQUILA,403
OAXACA,SANTA CRUZ ACATEPEC,1645
OAXACA,SANTA CRUZ AMILPAS,13200
OAXACA,SANTA CRUZ DE BRAVO,365
OAXACA,SANTA CRUZ ITUNDUJIA,10860
OAXACA,SANTA CRUZ MIXTEPEC,3720
OAXACA,SANTA CRUZ NUNDACO,2951
OAXACA,SANTA CRUZ PAPALUTLA,2242
OAXACA,SANTA CRUZ TACACHE DE MINA,2940
OAXACA,SANTA CRUZ TACAHUA,1182
OAXACA,SANTA CRUZ TAYATA,595
OAXACA,SANTA CRUZ XITLA,4794
OAXACA,SANTA CRUZ XOXOCOTLAN,100402
OAXACA,SANTA CRUZ ZENZONTEPEC,19079
OAXACA,SANTA GERTRUDIS,2891
OAXACA,SANTA INES DEL MONTE,2809
OAXACA,SANTA INES YATZECHE,908
OAXACA,SANTA LUCIA DEL CAMINO,50362
OAXACA,SANTA LUCIA MIAHUATLAN,3375
OAXACA,SANTA LUCIA MONTEVERDE,6726
OAXACA,SANTA LUCIA OCOTLAN,4173
OAXACA,SANTA MARIA ALOTEPEC,2796
OAXACA,SANTA MARIA APAZCO,1629
OAXACA,SANTA MARIA LA ASUNCION,3259
OAXACA,HEROICA CIUDAD DE TLAXIACO,40123
OAXACA,AYOQUEZCO DE ALDAMA,4874
OAXACA,SANTA MARIA ATZOMPA,41921
OAXACA,SANTA MARIA CAMOTLAN,1713
OAXACA,SANTA MARIA COLOTEPEC,27046
OAXACA,SANTA MARIA CORTIJO,1067
OAXACA,SANTA MARIA COYOTEPEC,3751
OAXACA,SANTA MARIA CHACHOAPAM,761
OAXACA,VILLA DE CHILAPA DE DIAZ,1815
OAXACA,SANTA MARIA CHILCHOTLA,21469
OAXACA,SANTA MARIA CHIMALAPA,9578
OAXACA,SANTA MARIA DEL ROSARIO,499
OAXACA,SANTA MARIA DEL TULE,8939
OAXACA,SANTA MARIA ECATEPEC,3418
OAXACA,SANTA MARIA GUELACE,908
OAXACA,SANTA MARIA GUIENAGATI,3178
OAXACA,SANTA MARIA HUATULCO,50862
OAXACA,SANTA MARIA HUAZOLOTITLAN,11995
OAXACA,SANTA MARIA IPALAPA,4878
OAXACA,SANTA MARIA IXCATLAN,461
OAXACA,SANTA MARIA JACATEPEC,9682
OAXACA,SANTA MARIA JALAPA DEL MARQUES,11735
OAXACA,SANTA MARIA JALTIANGUIS,592
OAXACA,SANTA MARIA LACHIXIO,1679
OAXACA,SANTA MARIA MIXTEQUILLA,4690
OAXACA,SANTA MARIA NATIVITAS,603
OAXACA,SANTA MARIA NDUAYACO,453
OAXACA,SANTA MARIA OZOLOTEPEC,3793
OAXACA,SANTA MARIA PAPALO,2058
OAXACA,SANTA MARIA PEÑOLES,8967
OAXACA,SANTA MARIA PETAPA,16706
OAXACA,SANTA MARIA QUIEGOLANI,2224
OAXACA,SANTA MARIA SOLA,1516
OAXACA,SANTA MARIA TATALTEPEC,317
OAXACA,SANTA MARIA TECOMAVACA,1830
OAXACA,SANTA MARIA TEMAXCALAPA,903
OAXACA,SANTA MARIA TEMAXCALTEPEC,2694
OAXACA,SANTA MARIA TEOPOXCO,3985
OAXACA,SANTA MARIA TEPANTLALI,3576
OAXACA,SANTA MARIA TEXCATITLAN,896
OAXACA,SANTA MARIA TLAHUITOLTEPEC,9653
OAXACA,SANTA MARIA TLALIXTAC,1839
OAXACA,SANTA MARIA TONAMECA,25347
OAXACA,SANTA MARIA TOTOLAPILLA,812
OAXACA,SANTA MARIA XADANI,9234
OAXACA,SANTA MARIA YALINA,250
OAXACA,SANTA MARIA YAVESIA,434
OAXACA,SANTA MARIA YOLOTEPEC,481
OAXACA,SANTA MARIA YOSOYUA,1699
OAXACA,SANTA MARIA YUCUHITI,6008
OAXACA,SANTA MARIA ZACATEPEC,17100
OAXACA,SANTA MARIA ZANIZA,2469
OAXACA,SANTA MARIA ZOQUITLAN,3294
OAXACA,SANTIAGO AMOLTEPEC,13855
OAXACA,SANTIAGO APOALA,1019
OAXACA,SANTIAGO APOSTOL,4421
OAXACA,SANTIAGO ASTATA,3918
OAXACA,SANTIAGO ATITLAN,3556
OAXACA,SANTIAGO AYUQUILILLA,2904
OAXACA,SANTIAGO CACALOXTEPEC,1667
OAXACA,SANTIAGO CAMOTLAN,3346
OAXACA,SANTIAGO COMALTEPEC,1157
OAXACA,VILLA DE SANTIAGO CHAZUMBA,4877
OAXACA,SANTIAGO CHOAPAM,5242
OAXACA,SANTIAGO DEL RIO,527
OAXACA,SANTIAGO HUAJOLOTITLAN,4600
OAXACA,SANTIAGO HUAUCLILLA,525
OAXACA,SANTIAGO IHUITLAN PLUMAS,341
OAXACA,SANTIAGO IXCUINTEPEC,1636
OAXACA,SANTIAGO IXTAYUTLA,13880
OAXACA,SANTIAGO JAMILTEPEC,19112
OAXACA,SANTIAGO JOCOTEPEC,14198
OAXACA,SANTIAGO JUXTLAHUACA,34735
OAXACA,SANTIAGO LACHIGUIRI,4394
OAXACA,SANTIAGO LALOPA,431
OAXACA,SANTIAGO LAOLLAGA,3361
OAXACA,SANTIAGO LAXOPA,1291
OAXACA,SANTIAGO LLANO GRANDE,3440
OAXACA,SANTIAGO MATATLAN,10175
OAXACA,SANTIAGO MILTEPEC,421
OAXACA,SANTIAGO MINAS,1327
OAXACA,SANTIAGO NACALTEPEC,1599
OAXACA,SANTIAGO NEJAPILLA,174
OAXACA,SANTIAGO NUNDICHE,1351
OAXACA,SANTIAGO NUYOO,1898
OAXACA,SANTIAGO PINOTEPA NACIONAL,55840
OAXACA,SANTIAGO SUCHILQUITONGO,10886
OAXACA,SANTIAGO TAMAZOLA,4458
OAXACA,SANTIAGO TAPEXTLA,3134
OAXACA,VILLA TEJUPAM DE LA UNION,2419
OAXACA,SANTIAGO TENANGO,1966
OAXACA,SANTIAGO TEPETLAPA,130
OAXACA,SANTIAGO TETEPEC,4909
OAXACA,SANTIAGO TEXCALCINGO,2974
OAXACA,SANTIAGO TEXTITLAN,4930
OAXACA,SANTIAGO TILANTONGO,2764
OAXACA,SANTIAGO TILLO,545
OAXACA,SANTIAGO TLAZOYALTEPEC,6300
OAXACA,SANTIAGO XANICA,3029
OAXACA,SANTIAGO XIACUI,1893
OAXACA,SANTIAGO YAITEPEC,4233
OAXACA,SANTIAGO YAVEO,7593
OAXACA,SANTIAGO YOLOMECATL,1922
OAXACA,SANTIAGO YOSONDUA,7991
OAXACA,SANTIAGO YUCUYACHI,998
OAXACA,SANTIAGO ZACATEPEC,5089
OAXACA,SANTIAGO ZOOCHILA,425
OAXACA,NUEVO ZOQUIAPAM,1590
OAXACA,SANTO DOMINGO INGENIO,7681
OAXACA,SANTO DOMINGO ALBARRADAS,798
OAXACA,SANTO DOMINGO ARMENTA,3155
OAXACA,SANTO DOMINGO CHIHUITAN,1618
OAXACA,SANTO DOMINGO DE MORELOS,11384
OAXACA,SANTO DOMINGO IXCATLAN,760
OAXACA,SANTO DOMINGO NUXAA,3335
OAXACA,SANTO DOMINGO OZOLOTEPEC,1101
OAXACA,SANTO DOMINGO PETAPA,9027
OAXACA,SANTO DOMINGO ROAYAGA,941
OAXACA,SANTO DOMINGO TEHUANTEPEC,67739
OAXACA,SANTO DOMINGO TEOJOMULCO,5260
OAXACA,SANTO DOMINGO TEPUXTEPEC,6029
OAXACA,SANTO DOMINGO TLATAYAPAM,113
OAXACA,SANTO DOMINGO TOMALTEPEC,3386
OAXACA,SANTO DOMINGO TONALA,7393
OAXACA,SANTO DOMINGO TONALTEPEC,250
OAXACA,SANTO DOMINGO XAGACIA,1205
OAXACA,SANTO DOMINGO YANHUITLAN,1633
OAXACA,SANTO DOMINGO YODOHINO,327
OAXACA,SANTO DOMINGO ZANATEPEC,12483
OAXACA,SANTOS REYES NOPALA,16688
OAXACA,SANTOS REYES PAPALO,2490
OAXACA,SANTOS REYES TEPEJILLO,904
OAXACA,SANTOS REYES YUCUNA,1474
OAXACA,SANTO TOMAS JALIEZA,3923
OAXACA,SANTO TOMAS MAZALTEPEC,2612
OAXACA,SANTO TOMAS OCOTEPEC,4066
OAXACA,SANTO TOMAS TAMAZULAPAN,2726
OAXACA,SAN VICENTE COATLAN,3512
OAXACA,SAN VICENTE LACHIXIO,3227
OAXACA,SAN VICENTE NUÑU,449
OAXACA,SILACAYOAPAM,6710
OAXACA,SITIO DE XITLAPEHUA,713
OAXACA,SOLEDAD ETLA,6348
OAXACA,VILLA DE TAMAZULAPAM DEL PROGRESO,8326
OAXACA,TANETZE DE ZARAGOZA,1558
OAXACA,TANICHE,887
OAXACA,TATALTEPEC DE VALDES,6386
OAXACA,TEOCOCUILCO DE MARCOS PEREZ,1032
OAXACA,TEOTITLAN DE FLORES MAGON,10099
OAXACA,TEOTITLAN DEL VALLE,6392
OAXACA,TEOTONGO,1005
OAXACA,TEPELMEME VILLA DE MORELOS,1960
OAXACA,"HEROICA VILLA TEZOATLAN DE SEGURA Y LUNA, CUNA DE LA INDEPENDENCIA DE OAXACA",11465
OAXACA,SAN JERONIMO TLACOCHAHUAYA,5764
OAXACA,TLACOLULA DE MATAMOROS,30254
OAXACA,TLACOTEPEC PLUMAS,410
OAXACA,TLALIXTAC DE CABRERA,12067
OAXACA,TOTONTEPEC VILLA DE MORELOS,5904
OAXACA,TRINIDAD ZAACHILA,3419
OAXACA,LA TRINIDAD VISTA HERMOSA,306
OAXACA,UNION HIDALGO,14542
OAXACA,VALERIO TRUJANO,1376
OAXACA,SAN JUAN BAUTISTA VALLE NACIONAL,23067
OAXACA,VILLA DIAZ ORDAZ,6467
OAXACA,YAXE,2954
OAXACA,MAGDALENA YODOCONO DE PORFIRIO DIAZ,1682
OAXACA,YOGANA,1245
OAXACA,YUTANDUCHI DE GUERRERO,1195
OAXACA,VILLA DE ZAACHILA,46464
OAXACA,SAN MATEO YUCUTINDOO,3144
OAXACA,ZAPOTITLAN LAGUNAS,3382
OAXACA,ZAPOTITLAN PALMAS,1695
OAXACA,SANTA INES DE ZARAGOZA,1454
OAXACA,ZIMATLAN DE ALVAREZ,22093
PUEBLA,ACAJETE,72894
PUEBLA,ACATENO,9170
PUEBLA,ACATLAN,37955
PUEBLA,ACATZINGO,63743
PUEBLA,ACTEOPAN,3070
PUEBLA,AHUACATLAN,14542
PUEBLA,AHUATLAN,3162
PUEBLA,AHUAZOTEPEC,11439
PUEBLA,AHUEHUETITLA,2207
PUEBLA,AJALPAN,74768
PUEBLA,ALBINO ZERTUCHE,1885
PUEBLA,ALJOJUCA,6591
PUEBLA,ALTEPEXI,22629
PUEBLA,AMIXTLAN,4812
PUEBLA,AMOZOC,125876
PUEBLA,AQUIXTLA,9021
PUEBLA,ATEMPAN,29742
PUEBLA,ATEXCAL,3859
PUEBLA,ATLIXCO,141793
PUEBLA,ATOYATEMPAN,7704
PUEBLA,ATZALA,1512
PUEBLA,ATZITZIHUACAN,12857
PUEBLA,ATZITZINTLA,9051
PUEBLA,AXUTLA,976
PUEBLA,AYOTOXCO DE GUERRERO,8208
PUEBLA,CALPAN,15271
PUEBLA,CALTEPEC,4128
PUEBLA,CAMOCUAUTLA,2758
PUEBLA,CAXHUACAN,3811
PUEBLA,COATEPEC,772
PUEBLA,COATZINGO,2820
PUEBLA,COHETZALA,1382
PUEBLA,COHUECAN,5403
PUEBLA,CORONANGO,46836
PUEBLA,COXCATLAN,20653
PUEBLA,COYOMEAPAN,14806
PUEBLA,COYOTEPEC,2334
PUEBLA,CUAPIAXTLA DE MADERO,10542
PUEBLA,CUAUTEMPAN,9837
PUEBLA,CUAUTINCHAN,12340
PUEBLA,CUAUTLANCINGO,137435
PUEBLA,CUAYUCA DE ANDRADE,3315
PUEBLA,CUETZALAN DEL PROGRESO,49864
PUEBLA,CUYOACO,17139
PUEBLA,CHALCHICOMULA DE SESMA,47410
PUEBLA,CHAPULCO,8193
PUEBLA,CHIAUTLA,21699
PUEBLA,CHIAUTZINGO,22039
PUEBLA,CHICONCUAUTLA,17382
PUEBLA,CHICHIQUILA,26928
PUEBLA,CHIETLA,37030
PUEBLA,CHIGMECATITLAN,1215
PUEBLA,CHIGNAHUAPAN,66464
PUEBLA,CHIGNAUTLA,35223
PUEBLA,CHILA,5082
PUEBLA,CHILA DE LA SAL,1317
PUEBLA,HONEY,6687
PUEBLA,CHILCHOTLA,21002
PUEBLA,CHINANTLA,2846
PUEBLA,DOMINGO ARENAS,7982
PUEBLA,ELOXOCHITLAN,14461
PUEBLA,EPATLAN,4943
PUEBLA,ESPERANZA,14766
PUEBLA,FRANCISCO Z. MENA,17824
PUEBLA,GENERAL FELIPE ANGELES,22694
PUEBLA,GUADALUPE,6451
PUEBLA,GUADALUPE VICTORIA,18784
PUEBLA,HERMENEGILDO GALEANA,7011
PUEBLA,HUAQUECHULA,29233
PUEBLA,HUATLATLAUCA,6111
PUEBLA,HUAUCHINANGO,103946
PUEBLA,HUEHUETLA,17082
PUEBLA,HUEHUETLAN EL CHICO,9760
PUEBLA,HUEJOTZINGO,90794
PUEBLA,HUEYAPAN,13080
PUEBLA,HUEYTAMALCO,27600
PUEBLA,HUEYTLALPAN,5951
PUEBLA,HUITZILAN DE SERDAN,15928
PUEBLA,HUITZILTEPEC,5782
PUEBLA,ATLEQUIZAYAN,2633
PUEBLA,IXCAMILPA DE GUERRERO,4065
PUEBLA,IXCAQUIXTLA,8804
PUEBLA,IXTACAMAXTITLAN,25319
PUEBLA,IXTEPEC,6950
PUEBLA,IZUCAR DE MATAMOROS,82809
PUEBLA,JALPAN,12050
PUEBLA,JOLALPAN,13308
PUEBLA,JONOTLA,4457
PUEBLA,JOPALA,12131
PUEBLA,JUAN C. BONILLA,23783
PUEBLA,JUAN GALINDO,9828
PUEBLA,JUAN N. MENDEZ,5293
PUEBLA,LAFRAGUA,7650
PUEBLA,LIBRES,37257
PUEBLA,LA MAGDALENA TLATLAUQUITEPEC,650
PUEBLA,MAZAPILTEPEC DE JUAREZ,3176
PUEBLA,MIXTLA,2668
PUEBLA,MOLCAXAC,6668
PUEBLA,CAÑADA MORELOS,20659
PUEBLA,NAUPAN,9310
PUEBLA,NAUZONTLA,3317
PUEBLA,NEALTICAN,14075
PUEBLA,NICOLAS BRAVO,6644
PUEBLA,NOPALUCAN,32772
PUEBLA,OCOTEPEC,5077
PUEBLA,OCOYUCAN,42669
PUEBLA,OLINTLA,11993
PUEBLA,ORIENTAL,19903
PUEBLA,PAHUATLAN,20274
PUEBLA,PALMAR DE BRAVO,50226
PUEBLA,PANTEPEC,18528
PUEBLA,PETLALCINGO,9350
PUEBLA,PIAXTLA,4627
PUEBLA,PUEBLA,1692181
PUEBLA,QUECHOLAC,57992
PUEBLA,QUIMIXTLAN,22855
PUEBLA,RAFAEL LARA GRAJALES,15952
PUEBLA,LOS REYES DE JUAREZ,30021
PUEBLA,SAN ANDRES CHOLULA,154448
PUEBLA,SAN ANTONIO CAÑADA,5938
PUEBLA,SAN DIEGO LA MESA TOCHIMILTZINGO,1270
PUEBLA,SAN FELIPE TEOTLALCINGO,11063
PUEBLA,SAN FELIPE TEPATLAN,3793
PUEBLA,SAN GABRIEL CHILAC,15954
PUEBLA,SAN GREGORIO ATZOMPA,9671
PUEBLA,SAN JERONIMO TECUANIPAN,6597
PUEBLA,SAN JERONIMO XAYACATLAN,3606
PUEBLA,SAN JOSE CHIAPA,10443
PUEBLA,SAN JOSE MIAHUATLAN,14018
PUEBLA,SAN JUAN ATENCO,3604
PUEBLA,SAN JUAN ATZOMPA,975
PUEBLA,SAN MARTIN TEXMELUCAN,155738
PUEBLA,SAN MARTIN TOTOLTEPEC,692
PUEBLA,SAN MATIAS TLALANCALECA,20974
PUEBLA,SAN MIGUEL IXITLAN,526
PUEBLA,SAN MIGUEL XOXTLA,12461
PUEBLA,SAN NICOLAS BUENOS AIRES,10464
PUEBLA,SAN NICOLAS DE LOS RANCHOS,11780
PUEBLA,SAN PABLO ANICANO,3759
PUEBLA,SAN PEDRO CHOLULA,138433
PUEBLA,SAN PEDRO YELOIXTLAHUACA,3488
PUEBLA,SAN SALVADOR EL SECO,30639
PUEBLA,SAN SALVADOR EL VERDE,34880
PUEBLA,SAN SALVADOR HUIXCOLOTLA,16790
PUEBLA,SAN SEBASTIAN TLACOTEPEC,13189
PUEBLA,SANTA CATARINA TLALTEMPAN,749
PUEBLA,SANTA INES AHUATEMPAN,6341
PUEBLA,SANTA ISABEL CHOLULA,11498
PUEBLA,SANTIAGO MIAHUATLAN,30309
PUEBLA,HUEHUETLAN EL GRANDE,6105
PUEBLA,SANTO TOMAS HUEYOTLIPAN,9315
PUEBLA,SOLTEPEC,12631
PUEBLA,TECALI DE HERRERA,23625
PUEBLA,TECAMACHALCO,80771
PUEBLA,TECOMATLAN,6830
PUEBLA,TEHUACAN,327312
PUEBLA,TEHUITZINGO,12672
PUEBLA,TENAMPULCO,6743
PUEBLA,TEOPANTLAN,3836
PUEBLA,TEOTLALCO,3689
PUEBLA,TEPANCO DE LOPEZ,22218
PUEBLA,TEPANGO DE RODRIGUEZ,4155
PUEBLA,TEPATLAXCO DE HIDALGO,18854
PUEBLA,TEPEACA,84270
PUEBLA,TEPEMAXALCO,1216
PUEBLA,TEPEOJUMA,8918
PUEBLA,TEPETZINTLA,10373
PUEBLA,TEPEXCO,7523
PUEBLA,TEPEXI DE RODRIGUEZ,22331
PUEBLA,TEPEYAHUALCO,19200
PUEBLA,TEPEYAHUALCO DE CUAUHTEMOC,3851
PUEBLA,TETELA DE OCAMPO,27216
PUEBLA,TETELES DE AVILA CASTILLO,6653
PUEBLA,TEZIUTLAN,103583
PUEBLA,TIANGUISMANALCO,14432
PUEBLA,TILAPA,9664
PUEBLA,TLACOTEPEC DE BENITO JUAREZ,54757
PUEBLA,TLACUILOTEPEC,15977
PUEBLA,TLACHICHUCA,31639
PUEBLA,TLAHUAPAN,41547
PUEBLA,TLALTENANGO,7425
PUEBLA,TLANEPANTLA,5390
PUEBLA,TLAOLA,20433
PUEBLA,TLAPACOYA,6422
PUEBLA,TLAPANALA,10344
PUEBLA,TLATLAUQUITEPEC,55576
PUEBLA,TLAXCO,4934
PUEBLA,TOCHIMILCO,19315
PUEBLA,TOCHTEPEC,22454
PUEBLA,TOTOLTEPEC DE GUERRERO,1187
PUEBLA,TULCINGO,9871
PUEBLA,TUZAMAPAN DE GALEANA,5924
PUEBLA,TZICATLACOYAN,6476
PUEBLA,VENUSTIANO CARRANZA,28395
PUEBLA,VICENTE GUERRERO,26559
PUEBLA,XAYACATLAN DE BRAVO,1570
PUEBLA,XICOTEPEC,80591
PUEBLA,XICOTLAN,1312
PUEBLA,XIUTETELCO,42943
PUEBLA,XOCHIAPULCO,3443
PUEBLA,XOCHILTEPEC,3375
PUEBLA,XOCHITLAN DE VICENTE SUAREZ,13025
PUEBLA,XOCHITLAN TODOS SANTOS,7178
PUEBLA,YAONAHUAC,7926
PUEBLA,YEHUALTEPEC,26392
PUEBLA,ZACAPALA,4647
PUEBLA,ZACAPOAXTLA,57887
PUEBLA,ZACATLAN,87361
PUEBLA,ZAPOTITLAN,8595
PUEBLA,ZAPOTITLAN DE MENDEZ,5675
PUEBLA,ZARAGOZA,16752
PUEBLA,ZAUTLA,20717
PUEBLA,ZIHUATEUTLA,11967
PUEBLA,ZINACATEPEC,18359
PUEBLA,ZONGOZOTLA,4539
PUEBLA,ZOQUIAPAN,2452
PUEBLA,ZOQUITLAN,20335
QUERETARO,AMEALCO DE BONFIL,66841
QUERETARO,PINAL DE AMOLES,27365
QUERETARO,ARROYO SECO,13142
QUERETARO,CADEREYTA DE MONTES,69075
QUERETARO,COLON,67121
QUERETARO,CORREGIDORA,212567
QUERETARO,EZEQUIEL MONTES,45141
QUERETARO,HUIMILPAN,36808
QUERETARO,JALPAN DE SERRA,27343
QUERETARO,LANDA DE MATAMOROS,18794
QUERETARO,EL MARQUES,231668
QUERETARO,PEDRO ESCOBEDO,77404
QUERETARO,PEÑAMILLER,19141
QUERETARO,QUERETARO,1049777
QUERETARO,SAN JOAQUIN,8359
QUERETARO,SAN JUAN DEL RIO,297804
QUERETARO,TEQUISQUIAPAN,72201
QUERETARO,TOLIMAN,27916
QUINTANA ROO,COZUMEL,88626
QUINTANA ROO,FELIPE CARRILLO PUERTO,83990
QUINTANA ROO,ISLA MUJERES,22686
QUINTANA ROO,OTHON P. BLANCO,233648
QUINTANA ROO,BENITO JUAREZ,911503
QUINTANA ROO,JOSE MARIA MORELOS,39165
QUINTANA ROO,LAZARO CARDENAS,29171
QUINTANA ROO,SOLIDARIDAD,333800
QUINTANA ROO,TULUM,46721
QUINTANA ROO,BACALAR,41754
QUINTANA ROO,PUERTO MORELOS,26921
SAN LUIS POTOSI,AHUALULCO,18974
SAN LUIS POTOSI,ALAQUINES,7785
SAN LUIS POTOSI,AQUISMON,48359
SAN LUIS POTOSI,ARMADILLO DE LOS INFANTE,4013
SAN LUIS POTOSI,CARDENAS,18317
SAN LUIS POTOSI,CATORCE,9579
SAN LUIS POTOSI,CEDRAL,19840
SAN LUIS POTOSI,CERRITOS,22075
SAN LUIS POTOSI,CERRO DE SAN PEDRO,5050
SAN LUIS POTOSI,CIUDAD DEL MAIZ,30320
SAN LUIS POTOSI,CIUDAD FERNANDEZ,48106
SAN LUIS POTOSI,TANCANHUITZ,20300
SAN LUIS POTOSI,CIUDAD VALLES,179371
SAN LUIS POTOSI,COXCATLAN,15660
SAN LUIS POTOSI,CHARCAS,21814
SAN LUIS POTOSI,EBANO,40899
SAN LUIS POTOSI,GUADALCAZAR,25119
SAN LUIS POTOSI,HUEHUETLAN,15334
SAN LUIS POTOSI,LAGUNILLAS,5453
SAN LUIS POTOSI,MATEHUALA,102199
SAN LUIS POTOSI,MEXQUITIC DE CARMONA,58469
SAN LUIS POTOSI,MOCTEZUMA,19036
SAN LUIS POTOSI,RAYON,15301
SAN LUIS POTOSI,RIOVERDE,97943
SAN LUIS POTOSI,SALINAS,31107
SAN LUIS POTOSI,SAN ANTONIO,9382
SAN LUIS POTOSI,SAN CIRO DE ACOSTA,10215
SAN LUIS POTOSI,SAN LUIS POTOSI,911908
SAN LUIS POTOSI,SAN MARTIN CHALCHICUAUTLA,18468
SAN LUIS POTOSI,SAN NICOLAS TOLENTINO,4779
SAN LUIS POTOSI,SANTA CATARINA,12163
SAN LUIS POTOSI,SANTA MARIA DEL RIO,39880
SAN LUIS POTOSI,SANTO DOMINGO,10785
SAN LUIS POTOSI,SAN VICENTE TANCUAYALAB,14945
SAN LUIS POTOSI,SOLEDAD DE GRACIANO SANCHEZ,332072
SAN LUIS POTOSI,TAMASOPO,29184
SAN LUIS POTOSI,TAMAZUNCHALE,95037
SAN LUIS POTOSI,TAMPACAN,14348
SAN LUIS POTOSI,TAMPAMOLON CORONA,13603
SAN LUIS POTOSI,TAMUIN,36968
SAN LUIS POTOSI,TANLAJAS,18208
SAN LUIS POTOSI,TANQUIAN DE ESCOBEDO,13448
SAN LUIS POTOSI,TIERRA NUEVA,7966
SAN LUIS POTOSI,VANEGAS,7557
SAN LUIS POTOSI,VENADO,14188
SAN LUIS POTOSI,VILLA DE ARRIAGA,18206
SAN LUIS POTOSI,VILLA DE GUADALUPE,9277
SAN LUIS POTOSI,VILLA DE LA PAZ,5298
SAN LUIS POTOSI,VILLA DE RAMOS,38389
SAN LUIS POTOSI,VILLA DE REYES,52912
SAN LUIS POTOSI,VILLA HIDALGO,15458
SAN LUIS POTOSI,VILLA JUAREZ,10304
SAN LUIS POTOSI,AXTLA DE TERRAZAS,32544
SAN LUIS POTOSI,XILITLA,49741
SAN LUIS POTOSI,ZARAGOZA,27386
SAN LUIS POTOSI,VILLA DE ARISTA,17258
SAN LUIS POTOSI,MATLAPA,28996
SAN LUIS POTOSI,EL NARANJO,20959
SINALOA,AHOME,459310
SINALOA,ANGOSTURA,44093
SINALOA,BADIRAGUATO,26542
SINALOA,CONCORDIA,24899
SINALOA,COSALA,17012
SINALOA,CULIACAN,1003530
SINALOA,CHOIX,29334
SINALOA,ELOTA,55339
SINALOA,ESCUINAPA,59988
SINALOA,EL FUERTE,96593
SINALOA,GUASAVE,289370
SINALOA,MAZATLAN,501441
SINALOA,MOCORITO,40358
SINALOA,ROSARIO,52345
SINALOA,SALVADOR ALVARADO,79492
SINALOA,SAN IGNACIO,19505
SINALOA,SINALOA,78670
SINALOA,NAVOLATO,149122
SONORA,ACONCHI,2563
SONORA,AGUA PRIETA,91929
SONORA,ALAMOS,24976
SONORA,ALTAR,9492
SONORA,ARIVECHI,1177
SONORA,ARIZPE,2788
SONORA,ATIL,626
SONORA,BACADEHUACHI,979
SONORA,BACANORA,759
SONORA,BACERAC,1221
SONORA,BACOACHI,1475
SONORA,BACUM,23151
SONORA,BANAMICHI,1825
SONORA,BAVIACORA,3191
SONORA,BAVISPE,1169
SONORA,BENJAMIN HILL,4988
SONORA,CABORCA,89122
SONORA,CAJEME,436484
SONORA,CANANEA,39451
SONORA,CARBO,4946
SONORA,LA COLORADA,1848
SONORA,CUCURPE,863
SONORA,CUMPAS,5829
SONORA,DIVISADEROS,753
SONORA,EMPALME,51431
SONORA,ETCHOJOA,61309
SONORA,FRONTERAS,9041
SONORA,GRANADOS,1009
SONORA,GUAYMAS,156863
SONORA,HERMOSILLO,936263
SONORA,HUACHINERA,1186
SONORA,HUASABAS,888
SONORA,HUATABAMPO,77682
SONORA,HUEPAC,943
SONORA,IMURIS,12536
SONORA,MAGDALENA,33049
SONORA,MAZATAN,1101
SONORA,MOCTEZUMA,5173
SONORA,NACO,5774
SONORA,NACORI CHICO,1531
SONORA,NACOZARI DE GARCIA,14369
SONORA,NAVOJOA,164387
SONORA,NOGALES,264782
SONORA,ONAVAS,365
SONORA,OPODEPE,2438
SONORA,OQUITOA,496
SONORA,PITIQUITO,9122
SONORA,PUERTO PEÑASCO,62689
SONORA,QUIRIEGO,3090
SONORA,RAYON,1496
SONORA,ROSARIO,4830
SONORA,SAHUARIPA,5257
SONORA,SAN FELIPE DE JESUS,369
SONORA,SAN JAVIER,537
SONORA,SAN LUIS RIO COLORADO,199021
SONORA,SAN MIGUEL DE HORCASITAS,10729
SONORA,SAN PEDRO DE LA CUEVA,1458
SONORA,SANTA ANA,16203
SONORA,SANTA CRUZ,1835
SONORA,SARIC,2058
SONORA,SOYOPA,1368
SONORA,SUAQUI GRANDE,1114
SONORA,TEPACHE,1178
SONORA,TRINCHERAS,1381
SONORA,TUBUTAMA,1473
SONORA,URES,8548
SONORA,VILLA HIDALGO,1429
SONORA,VILLA PESQUEIRA,1043
SONORA,YECORA,4793
SONORA,GENERAL PLUTARCO ELIAS CALLES,13627
SONORA,BENITO JUAREZ,21692
SONORA,SAN IGNACIO RIO MUERTO,14279
TABASCO,BALANCAN,58524
TABASCO,CARDENAS,243229
TABASCO,CENTLA,107731
TABASCO,CENTRO,683607
TABASCO,COMALCALCO,214877
TABASCO,CUNDUACAN,137257
TABASCO,EMILIANO ZAPATA,32181
TABASCO,HUIMANGUILLO,190885
TABASCO,JALAPA,37749
TABASCO,JALPA DE MENDEZ,91185
TABASCO,JONUTA,30798
TABASCO,MACUSPANA,158601
TABASCO,NACAJUCA,150300
TABASCO,PARAISO,96741
TABASCO,TACOTALPA,47905
TABASCO,TEAPA,58718
TABASCO,TENOSIQUE,62310
TAMAULIPAS,ABASOLO,9822
TAMAULIPAS,ALDAMA,28725
TAMAULIPAS,ALTAMIRA,269790
TAMAULIPAS,ANTIGUO MORELOS,8850
TAMAULIPAS,BURGOS,4256
TAMAULIPAS,BUSTAMANTE,7542
TAMAULIPAS,CAMARGO,16546
TAMAULIPAS,CASAS,4143
TAMAULIPAS,CIUDAD MADERO,205933
TAMAULIPAS,CRUILLAS,1671
TAMAULIPAS,GOMEZ FARIAS,8288
TAMAULIPAS,GONZALEZ,41470
TAMAULIPAS,GÜEMEZ,15032
TAMAULIPAS,GUERRERO,3803
TAMAULIPAS,GUSTAVO DIAZ ORDAZ,15677
TAMAULIPAS,HIDALGO,17012
TAMAULIPAS,JAUMAVE,15994
TAMAULIPAS,JIMENEZ,6375
TAMAULIPAS,LLERA,14645
TAMAULIPAS,MAINERO,2048
TAMAULIPAS,EL MANTE,106144
TAMAULIPAS,MATAMOROS,541979
TAMAULIPAS,MENDEZ,4280
TAMAULIPAS,MIER,6385
TAMAULIPAS,MIGUEL ALEMAN,26237
TAMAULIPAS,MIQUIHUANA,3704
TAMAULIPAS,NUEVO LAREDO,425058
TAMAULIPAS,NUEVO MORELOS,3810
TAMAULIPAS,OCAMPO,13190
TAMAULIPAS,PADILLA,13618
TAMAULIPAS,PALMILLAS,1917
TAMAULIPAS,REYNOSA,704767
TAMAULIPAS,RIO BRAVO,132484
TAMAULIPAS,SAN CARLOS,7411
TAMAULIPAS,SAN FERNANDO,51405
TAMAULIPAS,SAN NICOLAS,926
TAMAULIPAS,SOTO LA MARINA,23673
TAMAULIPAS,TAMPICO,297562
TAMAULIPAS,TULA,28230
TAMAULIPAS,VALLE HERMOSO,60055
TAMAULIPAS,VICTORIA,349688
TAMAULIPAS,VILLAGRAN,5361
TAMAULIPAS,XICOTENCATL,22229
TLAXCALA,AMAXAC DE GUERRERO,11403
TLAXCALA,APETATITLAN DE ANTONIO CARVAJAL,16003
TLAXCALA,ATLANGATEPEC,7087
TLAXCALA,ATLTZAYANCA,18111
TLAXCALA,APIZACO,80725
TLAXCALA,CALPULALPAN,51172
TLAXCALA,EL CARMEN TEQUEXQUITLA,17332
TLAXCALA,CUAPIAXTLA,16222
TLAXCALA,CUAXOMULCO,5928
TLAXCALA,CHIAUTEMPAN,73215
TLAXCALA,MUÑOZ DE DOMINGO ARENAS,4755
TLAXCALA,ESPAÑITA,9416
TLAXCALA,HUAMANTLA,98764
TLAXCALA,HUEYOTLIPAN,15190
TLAXCALA,IXTACUIXTLA DE MARIANO MATAMOROS,38970
TLAXCALA,IXTENCO,7504
TLAXCALA,MAZATECOCHCO DE JOSE MARIA MORELOS,11592
TLAXCALA,CONTLA DE JUAN CUAMATZI,38579
TLAXCALA,TEPETITLA DE LARDIZABAL,22274
TLAXCALA,SANCTORUM DE LAZARO CARDENAS,9432
TLAXCALA,NANACAMILPA DE MARIANO ARISTA,18686
TLAXCALA,ACUAMANALA DE MIGUEL HIDALGO,6432
TLAXCALA,NATIVITAS,26309
TLAXCALA,PANOTLA,28357
TLAXCALA,SAN PABLO DEL MONTE,82688
TLAXCALA,SANTA CRUZ TLAXCALA,24116
TLAXCALA,TENANCINGO,12974
TLAXCALA,TEOLOCHOLCO,25257
TLAXCALA,TEPEYANCO,13328
TLAXCALA,TERRENATE,15475
TLAXCALA,TETLA DE LA SOLIDARIDAD,35284
TLAXCALA,TETLATLAHUCA,13561
TLAXCALA,TLAXCALA,99896
TLAXCALA,TLAXCO,45438
TLAXCALA,TOCATLAN,6294
TLAXCALA,TOTOLAC,22529
TLAXCALA,ZILTLALTEPEC DE TRINIDAD SANCHEZ SANTOS,9207
TLAXCALA,TZOMPANTEPEC,18006
TLAXCALA,XALOZTOC,25607
TLAXCALA,XALTOCAN,10601
TLAXCALA,PAPALOTLA DE XICOHTENCATL,33499
TLAXCALA,XICOHTZINCO,14197
TLAXCALA,YAUHQUEMEHCAN,42242
TLAXCALA,ZACATELCO,45717
TLAXCALA,BENITO JUAREZ,6211
TLAXCALA,EMILIANO ZAPATA,4951
TLAXCALA,LAZARO CARDENAS,3534
TLAXCALA,LA MAGDALENA TLALTELULCO,19036
TLAXCALA,SAN DAMIAN TEXOLOC,5884
TLAXCALA,SAN FRANCISCO TETLANOHCAN,11761
TLAXCALA,SAN JERONIMO ZACUALPAN,4092
TLAXCALA,SAN JOSE TEACALCO,6436
TLAXCALA,SAN JUAN HUACTZINCO,7688
TLAXCALA,SAN LORENZO AXOCOMANITLA,5689
TLAXCALA,SAN LUCAS TECOPILCO,3077
TLAXCALA,SANTA ANA NOPALUCAN,7952
TLAXCALA,SANTA APOLONIA TEACALCO,4636
TLAXCALA,SANTA CATARINA AYOMETLA,9463
TLAXCALA,SANTA CRUZ QUILEHTLA,7750
TLAXCALA,SANTA ISABEL XILOXOXTLA,5443
VERACRUZ DE IGNACIO DE LA LLAVE,ACAJETE,9701
VERACRUZ DE IGNACIO DE LA LLAVE,ACATLAN,3441
VERACRUZ DE IGNACIO DE LA LLAVE,ACAYUCAN,80815
VERACRUZ DE IGNACIO DE LA LLAVE,ACTOPAN,41742
VERACRUZ DE IGNACIO DE LA LLAVE,ACULA,5253
VERACRUZ DE IGNACIO DE LA LLAVE,ACULTZINGO,23100
VERACRUZ DE IGNACIO DE LA LLAVE,CAMARON DE TEJEDA,6538
VERACRUZ DE IGNACIO DE LA LLAVE,ALPATLAHUAC,10338
VERACRUZ DE IGNACIO DE LA LLAVE,ALTO LUCERO DE GUTIERREZ BARRIOS,28184
VERACRUZ DE IGNACIO DE LA LLAVE,ALTOTONGA,64234
VERACRUZ DE IGNACIO DE LA LLAVE,ALVARADO,57035
VERACRUZ DE IGNACIO DE LA LLAVE,AMATITLAN,7866
VERACRUZ DE IGNACIO DE LA LLAVE,NARANJOS AMATLAN,26843
VERACRUZ DE IGNACIO DE LA LLAVE,AMATLAN DE LOS REYES,46955
VERACRUZ DE IGNACIO DE LA LLAVE,ANGEL R. CABADA,33839
VERACRUZ DE IGNACIO DE LA LLAVE,LA ANTIGUA,28682
VERACRUZ DE IGNACIO DE LA LLAVE,APAZAPAN,4709
VERACRUZ DE IGNACIO DE LA LLAVE,AQUILA,1978
VERACRUZ DE IGNACIO DE LA LLAVE,ASTACINGA,6909
VERACRUZ DE IGNACIO DE LA LLAVE,ATLAHUILCO,11577
VERACRUZ DE IGNACIO DE LA LLAVE,ATOYAC,23461
VERACRUZ DE IGNACIO DE LA LLAVE,ATZACAN,22651
VERACRUZ DE IGNACIO DE LA LLAVE,ATZALAN,49180
VERACRUZ DE IGNACIO DE LA LLAVE,TLALTETELA,16485
VERACRUZ DE IGNACIO DE LA LLAVE,AYAHUALULCO,27217
VERACRUZ DE IGNACIO DE LA LLAVE,BANDERILLA,25993
VERACRUZ DE IGNACIO DE LA LLAVE,BENITO JUAREZ,16120
VERACRUZ DE IGNACIO DE LA LLAVE,BOCA DEL RIO,144550
VERACRUZ DE IGNACIO DE LA LLAVE,CALCAHUALCO,13701
VERACRUZ DE IGNACIO DE LA LLAVE,CAMERINO Z. MENDOZA,41835
VERACRUZ DE IGNACIO DE LA LLAVE,CARRILLO PUERTO,18888
VERACRUZ DE IGNACIO DE LA LLAVE,CATEMACO,49451
VERACRUZ DE IGNACIO DE LA LLAVE,CAZONES DE HERRERA,24421
VERACRUZ DE IGNACIO DE LA LLAVE,CERRO AZUL,25011
VERACRUZ DE IGNACIO DE LA LLAVE,CITLALTEPETL,11165
VERACRUZ DE IGNACIO DE LA LLAVE,COACOATZINTLA,11018
VERACRUZ DE IGNACIO DE LA LLAVE,COAHUITLAN,8176
VERACRUZ DE IGNACIO DE LA LLAVE,COATEPEC,93911
VERACRUZ DE IGNACIO DE LA LLAVE,COATZACOALCOS,310698
VERACRUZ DE IGNACIO DE LA LLAVE,COATZINTLA,55016
VERACRUZ DE IGNACIO DE LA LLAVE,COETZALA,2355
VERACRUZ DE IGNACIO DE LA LLAVE,COLIPA,5743
VERACRUZ DE IGNACIO DE LA LLAVE,COMAPA,19876
VERACRUZ DE IGNACIO DE LA LLAVE,CORDOBA,204721
VERACRUZ DE IGNACIO DE LA LLAVE,COSAMALOAPAN DE CARPIO,54737
VERACRUZ DE IGNACIO DE LA LLAVE,COSAUTLAN DE CARVAJAL,16167
VERACRUZ DE IGNACIO DE LA LLAVE,COSCOMATEPEC,59471
VERACRUZ DE IGNACIO DE LA LLAVE,COSOLEACAQUE,130903
VERACRUZ DE IGNACIO DE LA LLAVE,COTAXTLA,22050
VERACRUZ DE IGNACIO DE LA LLAVE,COXQUIHUI,16333
VERACRUZ DE IGNACIO DE LA LLAVE,COYUTLA,23096
VERACRUZ DE IGNACIO DE LA LLAVE,CUICHAPA,11869
VERACRUZ DE IGNACIO DE LA LLAVE,CUITLAHUAC,28075
VERACRUZ DE IGNACIO DE LA LLAVE,CHACALTIANGUIS,11461
VERACRUZ DE IGNACIO DE LA LLAVE,CHALMA,13527
VERACRUZ DE IGNACIO DE LA LLAVE,CHICONAMEL,6610
VERACRUZ DE IGNACIO DE LA LLAVE,CHICONQUIACO,13881
VERACRUZ DE IGNACIO DE LA LLAVE,CHICONTEPEC,53858
VERACRUZ DE IGNACIO DE LA LLAVE,CHINAMECA,22638
VERACRUZ DE IGNACIO DE LA LLAVE,CHINAMPA DE GOROSTIZA,16283
VERACRUZ DE IGNACIO DE LA LLAVE,LAS CHOAPAS,81080
VERACRUZ DE IGNACIO DE LA LLAVE,CHOCAMAN,20839
VERACRUZ DE IGNACIO DE LA LLAVE,CHONTLA,13359
VERACRUZ DE IGNACIO DE LA LLAVE,CHUMATLAN,4008
VERACRUZ DE IGNACIO DE LA LLAVE,EMILIANO ZAPATA,85489
VERACRUZ DE IGNACIO DE LA LLAVE,ESPINAL,26830
VERACRUZ DE IGNACIO DE LA LLAVE,FILOMENO MATA,19179
VERACRUZ DE IGNACIO DE LA LLAVE,FORTIN,66372
VERACRUZ DE IGNACIO DE LA LLAVE,GUTIERREZ ZAMORA,24085
VERACRUZ DE IGNACIO DE LA LLAVE,HIDALGOTITLAN,18275
VERACRUZ DE IGNACIO DE LA LLAVE,HUATUSCO,59920
VERACRUZ DE IGNACIO DE LA LLAVE,HUAYACOCOTLA,21796
VERACRUZ DE IGNACIO DE LA LLAVE,HUEYAPAN DE OCAMPO,41670
VERACRUZ DE IGNACIO DE LA LLAVE,HUILOAPAN DE CUAUHTEMOC,7293
VERACRUZ DE IGNACIO DE LA LLAVE,IGNACIO DE LA LLAVE,16525
VERACRUZ DE IGNACIO DE LA LLAVE,ILAMATLAN,13377
VERACRUZ DE IGNACIO DE LA LLAVE,ISLA,42807
VERACRUZ DE IGNACIO DE LA LLAVE,IXCATEPEC,12379
VERACRUZ DE IGNACIO DE LA LLAVE,IXHUACAN DE LOS REYES,11387
VERACRUZ DE IGNACIO DE LA LLAVE,IXHUATLAN DEL CAFE,23132
VERACRUZ DE IGNACIO DE LA LLAVE,IXHUATLANCILLO,27295
VERACRUZ DE IGNACIO DE LA LLAVE,IXHUATLAN DEL SURESTE,15831
VERACRUZ DE IGNACIO DE LA LLAVE,IXHUATLAN DE MADERO,50836
VERACRUZ DE IGNACIO DE LA LLAVE,IXMATLAHUACAN,5574
VERACRUZ DE IGNACIO DE LA LLAVE,IXTACZOQUITLAN,74004
VERACRUZ DE IGNACIO DE LA LLAVE,JALACINGO,46794
VERACRUZ DE IGNACIO DE LA LLAVE,XALAPA,488531
VERACRUZ DE IGNACIO DE LA LLAVE,JALCOMULCO,5054
VERACRUZ DE IGNACIO DE LA LLAVE,JALTIPAN,38669
VERACRUZ DE IGNACIO DE LA LLAVE,JAMAPA,11132
VERACRUZ DE IGNACIO DE LA LLAVE,JESUS CARRANZA,28524
VERACRUZ DE IGNACIO DE LA LLAVE,XICO,39623
VERACRUZ DE IGNACIO DE LA LLAVE,JILOTEPEC,16585
VERACRUZ DE IGNACIO DE LA LLAVE,JUAN RODRIGUEZ CLARA,38367
VERACRUZ DE IGNACIO DE LA LLAVE,JUCHIQUE DE FERRER,15059
VERACRUZ DE IGNACIO DE LA LLAVE,LANDERO Y COSS,1543
VERACRUZ DE IGNACIO DE LA LLAVE,LERDO DE TEJADA,19123
VERACRUZ DE IGNACIO DE LA LLAVE,MAGDALENA,3299
VERACRUZ DE IGNACIO DE LA LLAVE,MALTRATA,18327
VERACRUZ DE IGNACIO DE LA LLAVE,MANLIO FABIO ALTAMIRANO,23918
VERACRUZ DE IGNACIO DE LA LLAVE,MARIANO ESCOBEDO,38670
VERACRUZ DE IGNACIO DE LA LLAVE,MARTINEZ DE LA TORRE,108842
VERACRUZ DE IGNACIO DE LA LLAVE,MECATLAN,12799
VERACRUZ DE IGNACIO DE LA LLAVE,MECAYAPAN,17134
VERACRUZ DE IGNACIO DE LA LLAVE,MEDELLIN DE BRAVO,95202
VERACRUZ DE IGNACIO DE LA LLAVE,MIAHUATLAN,4841
VERACRUZ DE IGNACIO DE LA LLAVE,LAS MINAS,2934
VERACRUZ DE IGNACIO DE LA LLAVE,MINATITLAN,144776
VERACRUZ DE IGNACIO DE LA LLAVE,MISANTLA,65761
VERACRUZ DE IGNACIO DE LA LLAVE,MIXTLA DE ALTAMIRANO,12125
VERACRUZ DE IGNACIO DE LA LLAVE,MOLOACAN,16493
VERACRUZ DE IGNACIO DE LA LLAVE,NAOLINCO,22835
VERACRUZ DE IGNACIO DE LA LLAVE,NARANJAL,4614
VERACRUZ DE IGNACIO DE LA LLAVE,NAUTLA,10130
VERACRUZ DE IGNACIO DE LA LLAVE,NOGALES,37314
VERACRUZ DE IGNACIO DE LA LLAVE,OLUTA,17027
VERACRUZ DE IGNACIO DE LA LLAVE,OMEALCA,23773
VERACRUZ DE IGNACIO DE LA LLAVE,ORIZABA,123182
VERACRUZ DE IGNACIO DE LA LLAVE,OTATITLAN,5651
VERACRUZ DE IGNACIO DE LA LLAVE,OTEAPAN,10343
VERACRUZ DE IGNACIO DE LA LLAVE,OZULUAMA DE MASCAREÑAS,22756
VERACRUZ DE IGNACIO DE LA LLAVE,PAJAPAN,18051
VERACRUZ DE IGNACIO DE LA LLAVE,PANUCO,96185
VERACRUZ DE IGNACIO DE LA LLAVE,PAPANTLA,159910
VERACRUZ DE IGNACIO DE LA LLAVE,PASO DEL MACHO,31894
VERACRUZ DE IGNACIO DE LA LLAVE,PASO DE OVEJAS,33442
VERACRUZ DE IGNACIO DE LA LLAVE,LA PERLA,28258
VERACRUZ DE IGNACIO DE LA LLAVE,PEROTE,77432
VERACRUZ DE IGNACIO DE LA LLAVE,PLATON SANCHEZ,18053
VERACRUZ DE IGNACIO DE LA LLAVE,PLAYA VICENTE,39327
VERACRUZ DE IGNACIO DE LA LLAVE,POZA RICA DE HIDALGO,189457
VERACRUZ DE IGNACIO DE LA LLAVE,LAS VIGAS DE RAMIREZ,20300
VERACRUZ DE IGNACIO DE LA LLAVE,PUEBLO VIEJO,57909
VERACRUZ DE IGNACIO DE LA LLAVE,PUENTE NACIONAL,23544
VERACRUZ DE IGNACIO DE LA LLAVE,RAFAEL DELGADO,24127
VERACRUZ DE IGNACIO DE LA LLAVE,RAFAEL LUCIO,8343
VERACRUZ DE IGNACIO DE LA LLAVE,LOS REYES,6308
VERACRUZ DE IGNACIO DE LA LLAVE,RIO BLANCO,41795
VERACRUZ DE IGNACIO DE LA LLAVE,SALTABARRANCA,6126
VERACRUZ DE IGNACIO DE LA LLAVE,SAN ANDRES TENEJAPAN,3134
VERACRUZ DE IGNACIO DE LA LLAVE,SAN ANDRES TUXTLA,162428
VERACRUZ DE IGNACIO DE LA LLAVE,SAN JUAN EVANGELISTA,32631
VERACRUZ DE IGNACIO DE LA LLAVE,SANTIAGO TUXTLA,57085
VERACRUZ DE IGNACIO DE LA LLAVE,SAYULA DE ALEMAN,32400
VERACRUZ DE IGNACIO DE LA LLAVE,SOCONUSCO,16574
VERACRUZ DE IGNACIO DE LA LLAVE,SOCHIAPA,3925
VERACRUZ DE IGNACIO DE LA LLAVE,SOLEDAD ATZOMPA,24578
VERACRUZ DE IGNACIO DE LA LLAVE,SOLEDAD DE DOBLADO,28130
VERACRUZ DE IGNACIO DE LA LLAVE,SOTEAPAN,34385
VERACRUZ DE IGNACIO DE LA LLAVE,TAMALIN,11631
VERACRUZ DE IGNACIO DE LA LLAVE,TAMIAHUA,21902
VERACRUZ DE IGNACIO DE LA LLAVE,TAMPICO ALTO,11561
VERACRUZ DE IGNACIO DE LA LLAVE,TANCOCO,5795
VERACRUZ DE IGNACIO DE LA LLAVE,TANTIMA,11991
VERACRUZ DE IGNACIO DE LA LLAVE,TANTOYUCA,99959
VERACRUZ DE IGNACIO DE LA LLAVE,TATATILA,6041
VERACRUZ DE IGNACIO DE LA LLAVE,CASTILLO DE TEAYO,20145
VERACRUZ DE IGNACIO DE LA LLAVE,TECOLUTLA,24551
VERACRUZ DE IGNACIO DE LA LLAVE,TEHUIPANGO,29686
VERACRUZ DE IGNACIO DE LA LLAVE,ALAMO TEMAPACHE,107270
VERACRUZ DE IGNACIO DE LA LLAVE,TEMPOAL,34408
VERACRUZ DE IGNACIO DE LA LLAVE,TENAMPA,6448
VERACRUZ DE IGNACIO DE LA LLAVE,TENOCHTITLAN,5040
VERACRUZ DE IGNACIO DE LA LLAVE,TEOCELO,16957
VERACRUZ DE IGNACIO DE LA LLAVE,TEPATLAXCO,8925
VERACRUZ DE IGNACIO DE LA LLAVE,TEPETLAN,9405
VERACRUZ DE IGNACIO DE LA LLAVE,TEPETZINTLA,14619
VERACRUZ DE IGNACIO DE LA LLAVE,TEQUILA,16343
VERACRUZ DE IGNACIO DE LA LLAVE,JOSE AZUETA,22709
VERACRUZ DE IGNACIO DE LA LLAVE,TEXCATEPEC,10824
VERACRUZ DE IGNACIO DE LA LLAVE,TEXHUACAN,5575
VERACRUZ DE IGNACIO DE LA LLAVE,TEXISTEPEC,19925
VERACRUZ DE IGNACIO DE LA LLAVE,TEZONAPA,54537
VERACRUZ DE IGNACIO DE LA LLAVE,TIERRA BLANCA,95602
VERACRUZ DE IGNACIO DE LA LLAVE,TIHUATLAN,92726
VERACRUZ DE IGNACIO DE LA LLAVE,TLACOJALPAN,4489
VERACRUZ DE IGNACIO DE LA LLAVE,TLACOLULAN,11685
VERACRUZ DE IGNACIO DE LA LLAVE,TLACOTALPAN,12898
VERACRUZ DE IGNACIO DE LA LLAVE,TLACOTEPEC DE MEJIA,4284
VERACRUZ DE IGNACIO DE LA LLAVE,TLACHICHILCO,10900
VERACRUZ DE IGNACIO DE LA LLAVE,TLALIXCOYAN,37795
VERACRUZ DE IGNACIO DE LA LLAVE,TLALNELHUAYOCAN,19664
VERACRUZ DE IGNACIO DE LA LLAVE,TLAPACOYAN,61377
VERACRUZ DE IGNACIO DE LA LLAVE,TLAQUILPA,7933
VERACRUZ DE IGNACIO DE LA LLAVE,TLILAPAN,5548
VERACRUZ DE IGNACIO DE LA LLAVE,TOMATLAN,7197
VERACRUZ DE IGNACIO DE LA LLAVE,TONAYAN,6105
VERACRUZ DE IGNACIO DE LA LLAVE,TOTUTLA,17217
VERACRUZ DE IGNACIO DE LA LLAVE,TUXPAN,154600
VERACRUZ DE IGNACIO DE LA LLAVE,TUXTILLA,2258
VERACRUZ DE IGNACIO DE LA LLAVE,URSULO GALVAN,30097
VERACRUZ DE IGNACIO DE LA LLAVE,VEGA DE ALATORRE,20204
VERACRUZ DE IGNACIO DE LA LLAVE,VERACRUZ,607209
VERACRUZ DE IGNACIO DE LA LLAVE,VILLA ALDAMA,12492
VERACRUZ DE IGNACIO DE LA LLAVE,XOXOCOTLA,5900
VERACRUZ DE IGNACIO DE LA LLAVE,YANGA,17902
VERACRUZ DE IGNACIO DE LA LLAVE,YECUATLA,11205
VERACRUZ DE IGNACIO DE LA LLAVE,ZACUALPAN,6788
VERACRUZ DE IGNACIO DE LA LLAVE,ZARAGOZA,11899
VERACRUZ DE IGNACIO DE LA LLAVE,ZENTLA,12581
VERACRUZ DE IGNACIO DE LA LLAVE,ZONGOLICA,45028
VERACRUZ DE IGNACIO DE LA LLAVE,ZONTECOMATLAN DE LOPEZ Y FUENTES,14644
VERACRUZ DE IGNACIO DE LA LLAVE,ZOZOCOLCO DE HIDALGO,14524
VERACRUZ DE IGNACIO DE LA LLAVE,AGUA DULCE,44104
VERACRUZ DE IGNACIO DE LA LLAVE,EL HIGO,19402
VERACRUZ DE IGNACIO DE LA LLAVE,NANCHITAL DE LAZARO CARDENAS DEL RIO,29209
VERACRUZ DE IGNACIO DE LA LLAVE,TRES VALLES,44978
VERACRUZ DE IGNACIO DE LA LLAVE,CARLOS A. CARRILLO,23376
VERACRUZ DE IGNACIO DE LA LLAVE,TATAHUICAPAN DE JUAREZ,15044
VERACRUZ DE IGNACIO DE LA LLAVE,UXPANAPA,30891
VERACRUZ DE IGNACIO DE LA LLAVE,SAN RAFAEL,30351
VERACRUZ DE IGNACIO DE LA LLAVE,SANTIAGO SOCHIAPAN,13062
YUCATAN,ABALA,6550
YUCATAN,ACANCEH,16772
YUCATAN,AKIL,12285
YUCATAN,BACA,6195
YUCATAN,BOKOBA,2167
YUCATAN,BUCTZOTZ,9159
YUCATAN,CACALCHEN,7490
YUCATAN,CALOTMUL,3949
YUCATAN,CANSAHCAB,4466
YUCATAN,CANTAMAYEC,2755
YUCATAN,CELESTUN,8389
YUCATAN,CENOTILLO,3736
YUCATAN,CONKAL,16671
YUCATAN,CUNCUNUL,1714
YUCATAN,CUZAMA,5560
YUCATAN,CHACSINKIN,3104
YUCATAN,CHANKOM,4686
YUCATAN,CHAPAB,3385
YUCATAN,CHEMAX,38934
YUCATAN,CHICXULUB PUEBLO,4497
YUCATAN,CHICHIMILA,9406
YUCATAN,CHIKINDZONOT,4363
YUCATAN,CHOCHOLA,4863
YUCATAN,CHUMAYEL,3244
YUCATAN,DZAN,6003
YUCATAN,DZEMUL,3622
YUCATAN,DZIDZANTUN,8345
YUCATAN,DZILAM DE BRAVO,2936
YUCATAN,DZILAM GONZALEZ,6240
YUCATAN,DZITAS,4015
YUCATAN,DZONCAUICH,2818
YUCATAN,ESPITA,16779
YUCATAN,HALACHO,21255
YUCATAN,HOCABA,6514
YUCATAN,HOCTUN,6384
YUCATAN,HOMUN,8090
YUCATAN,HUHI,5250
YUCATAN,HUNUCMA,35137
YUCATAN,IXIL,4186
YUCATAN,IZAMAL,28555
YUCATAN,KANASIN,141939
YUCATAN,KANTUNIL,5553
YUCATAN,KAUA,3405
YUCATAN,KINCHIL,7530
YUCATAN,KOPOMA,2677
YUCATAN,MAMA,3296
YUCATAN,MANI,5968
YUCATAN,MAXCANU,23991
YUCATAN,MAYAPAN,3965
YUCATAN,MERIDA,995129
YUCATAN,MOCOCHA,3430
YUCATAN,MOTUL,37804
YUCATAN,MUNA,13494
YUCATAN,MUXUPIP,2990
YUCATAN,OPICHEN,7080
YUCATAN,OXKUTZCAB,33854
YUCATAN,PANABA,7766
YUCATAN,PETO,25954
YUCATAN,PROGRESO,66008
YUCATAN,QUINTANA ROO,976
YUCATAN,RIO LAGARTOS,3974
YUCATAN,SACALUM,4962
YUCATAN,SAMAHIL,5631
YUCATAN,SANAHCAT,1701
YUCATAN,SAN FELIPE,2118
YUCATAN,SANTA ELENA,4220
YUCATAN,SEYE,10053
YUCATAN,SINANCHE,3206
YUCATAN,SOTUTA,8967
YUCATAN,SUCILA,3971
YUCATAN,SUDZAL,1949
YUCATAN,SUMA,1857
YUCATAN,TAHDZIU,5854
YUCATAN,TAHMEK,3774
YUCATAN,TEABO,6921
YUCATAN,TECOH,17939
YUCATAN,TEKAL DE VENEGAS,2683
YUCATAN,TEKANTO,3747
YUCATAN,TEKAX,45062
YUCATAN,TEKIT,11020
YUCATAN,TEKOM,3355
YUCATAN,TELCHAC PUEBLO,3512
YUCATAN,TELCHAC PUERTO,1915
YUCATAN,TEMAX,7037
YUCATAN,TEMOZON,16680
YUCATAN,TEPAKAN,2133
YUCATAN,TETIZ,5464
YUCATAN,TEYA,1917
YUCATAN,TICUL,40495
YUCATAN,TIMUCUY,7503
YUCATAN,TINUM,12700
YUCATAN,TIXCACALCUPUL,7888
YUCATAN,TIXKOKOB,18420
YUCATAN,TIXMEHUAC,5444
YUCATAN,TIXPEHUAL,5690
YUCATAN,TIZIMIN,80672
YUCATAN,TUNKAS,3684
YUCATAN,TZUCACAB,15346
YUCATAN,UAYMA,4191
YUCATAN,UCU,4049
YUCATAN,UMAN,69147
YUCATAN,VALLADOLID,85460
YUCATAN,XOCCHEL,3451
YUCATAN,YAXCABA,16350
YUCATAN,YAXKUKUL,3293
YUCATAN,YOBAIN,2215
ZACATECAS,APOZOL,6260
ZACATECAS,APULCO,4942
ZACATECAS,ATOLINGA,2277
ZACATECAS,BENITO JUAREZ,4493
ZACATECAS,CALERA,45759
ZACATECAS,CAÑITAS DE FELIPE PESCADOR,8255
ZACATECAS,CONCEPCION DEL ORO,12115
ZACATECAS,CUAUHTEMOC,13466
ZACATECAS,CHALCHIHUITES,10086
ZACATECAS,FRESNILLO,240532
ZACATECAS,TRINIDAD GARCIA DE LA CADENA,3362
ZACATECAS,GENARO CODINA,8168
ZACATECAS,GENERAL ENRIQUE ESTRADA,6644
ZACATECAS,GENERAL FRANCISCO R. MURGUIA,20191
ZACATECAS,EL PLATEADO DE JOAQUIN AMARO,1579
ZACATECAS,GENERAL PANFILO NATERA,23526
ZACATECAS,GUADALUPE,211740
ZACATECAS,HUANUSCO,4547
ZACATECAS,JALPA,25296
ZACATECAS,JEREZ,59910
ZACATECAS,JIMENEZ DEL TEUL,4465
ZACATECAS,JUAN ALDAMA,19749
ZACATECAS,JUCHIPILA,12251
ZACATECAS,LORETO,53709
ZACATECAS,LUIS MOYA,13184
ZACATECAS,MAZAPIL,17774
ZACATECAS,MELCHOR OCAMPO,2736
ZACATECAS,MEZQUITAL DEL ORO,2451
ZACATECAS,MIGUEL AUZA,23713
ZACATECAS,MOMAX,2446
ZACATECAS,MONTE ESCOBEDO,8683
ZACATECAS,MORELOS,13207
ZACATECAS,MOYAHUA DE ESTRADA,4530
ZACATECAS,NOCHISTLAN DE MEJIA,27945
ZACATECAS,NORIA DE ANGELES,16284
ZACATECAS,OJOCALIENTE,44144
ZACATECAS,PANUCO,17577
ZACATECAS,PINOS,72241
ZACATECAS,RIO GRANDE,64535
ZACATECAS,SAIN ALTO,21844
ZACATECAS,EL SALVADOR,2509
ZACATECAS,SOMBRERETE,63665
ZACATECAS,SUSTICACAN,1365
ZACATECAS,TABASCO,16588
ZACATECAS,TEPECHITLAN,8321
ZACATECAS,TEPETONGO,6490
ZACATECAS,TEUL DE GONZALEZ ORTEGA,5356
ZACATECAS,TLALTENANGO DE SANCHEZ ROMAN,27302
ZACATECAS,VALPARAISO,32461
ZACATECAS,VETAGRANDE,10276
ZACATECAS,VILLA DE COS,34623
ZACATECAS,VILLA GARCIA,19525
ZACATECAS,VILLA GONZALEZ ORTEGA,13208
ZACATECAS,VILLA HIDALGO,19446
ZACATECAS,VILLANUEVA,31558
ZACATECAS,ZACATECAS,149607
ZACATECAS,TRANCOSO,20455
ZACATECAS,SANTA MARIA DE LA PAZ,2767
